Source	Affiliation	Dates	degree.layout	Entry	Gender	name	Occupation	Person 1 Name	Person 2 Name	selected	shared name	Source Name	Target Name
https://usaybia.net/person/1093			65	"Jirāb al-Dawlah, musician and wit under al-Muqtadir 8.26.16"		https://usaybia.net/person/1341	musician			FALSE	https://usaybia.net/person/1341	Jirāb al-Dawlah	Jirāb al-Dawlah
https://usaybia.net/person/1093			5	"Jirjis al-Faylasūf, unidentified lampoonist 14.27"		https://usaybia.net/person/1343				FALSE	https://usaybia.net/person/1343	Jirjis al-Faylasūf	Jirjis al-Faylasūf
https://usaybia.net/person/1093	Abbasid	1st/7th-c.		"ʿAbd Allāh ibn al-ʿAbbās (commonly Ibn ʿAbbās), 1st/7th-c. Qurʾanic exegete, eponymous ancestor of the Abbasid caliphs 1.5; 7.5.6"		https://usaybia.net/person/13	exegete|caliph			FALSE	https://usaybia.net/person/13	ʿAbd Allāh ibn al-ʿAbbās (commonly Ibn ʿAbbās)	ʿAbd Allāh ibn al-ʿAbbās (commonly Ibn ʿAbbās)
https://usaybia.net/person/1093		4th/10th-c.	62	"Abū Bakr al-Khālidī, 4th/10th-c. poet and man of letters, brother of Abū ʿUthmān al-Khālidī 8.26.15"		https://usaybia.net/person/128	poet|man of letters			FALSE	https://usaybia.net/person/128	Abū Bakr al-Khālidī	Abū Bakr al-Khālidī
https://usaybia.net/person/1093		`reg.` 323–334/935–46		"Ibn Ṭughj, founder of the Ikshīdid dynasty (`reg.` 323–334/935–46) 14.6; 14.8n; 14.14.3"		https://usaybia.net/person/1144	founder			FALSE	https://usaybia.net/person/1144	Ibn Ṭughj	Ibn Ṭughj
https://usaybia.net/person/1093			62	"Abū Yaḥyā, source of an anecdote about the court of the caliph al-Mutawakkil 8.26.15"		https://usaybia.net/person/383	caliph			FALSE	https://usaybia.net/person/383	Abū Yaḥyā	Abū Yaḥyā
https://usaybia.net/person/1093		4th/10th-c.	62	"Abū ʿUthmān al-Khālidī, 4th/10th-c. poet and man of letters, brother of Abū Bakr al-Khālidī 8.26.15"		https://usaybia.net/person/376	poet|man of letters			FALSE	https://usaybia.net/person/376	Abū ʿUthmān al-Khālidī	Abū ʿUthmān al-Khālidī
https://usaybia.net/person/1093		d. 380/990 and ca. 390/100	62	"al-Khālidiyyān, the brothers Abū Bakr al-Khālidī and Abū ʿUthmān al-Khālidī known as al-Khālidiyyān, poets and men of letters (d. 380/990 and ca. 390/100) 8.26.15"		https://usaybia.net/person/1384	poet			FALSE	https://usaybia.net/person/1384	al-Khālidiyyān	al-Khālidiyyān
https://usaybia.net/person/1093	Christian	d. 225/840	185	"Salmawayh ibn Bunān, Christian physician of al-Muʿtaṣim, collaborator of Ḥunayn ibn Isḥāq (d. 225/840) 7.8.3; 8.20; 8.26.10; 8.27.3; 9.49; 10.1.9"		https://usaybia.net/person/1993	physician|orator			FALSE	https://usaybia.net/person/1993	Salmawayh ibn Bunān	Salmawayh ibn Bunān
https://usaybia.net/person/1093			64	"ʿĪsā ibn Ibrāhīm ibn Nūḥ ibn Abī Nūḥ, scribe of al-Fatḥ ibn Khāqān 8.26.9"		https://usaybia.net/person/1241	scribe			FALSE	https://usaybia.net/person/1241	ʿĪsā ibn Ibrāhīm ibn Nūḥ ibn Abī Nūḥ	ʿĪsā ibn Ibrāhīm ibn Nūḥ ibn Abī Nūḥ
https://usaybia.net/person/1093			64	"al-Sharābī, Aḥmad ibn Hārūn 8.26.9"		https://usaybia.net/person/2064				FALSE	https://usaybia.net/person/2064	al-Sharābī	al-Sharābī
https://usaybia.net/person/1093			64	"Ibrāhīm ibn ʿAlī, physician of Aḥmad ibn Ṭūlūn 8.26.9"		https://usaybia.net/person/1186	physician			FALSE	https://usaybia.net/person/1186	Ibrāhīm ibn ʿAlī	Ibrāhīm ibn ʿAlī
https://usaybia.net/person/1093	Christian	5th/11th-c.	6	"Jirjis, 5th/11th-c. Christian physician in Cairo 14.27.3"		https://usaybia.net/person/1342	physician			FALSE	https://usaybia.net/person/1342	Jirjis	Jirjis
https://usaybia.net/person/1093				"Serapis, Greco-Egyptian god of healing 1.5"		https://usaybia.net/person/2434				FALSE	https://usaybia.net/person/2434	Serapis	Serapis
https://usaybia.net/person/1093				Jubal son of Lamech son of Methuselah (Yūfāl ibn Lāmakh ibn Matūshālakh) 1.5		https://usaybia.net/person/1347				FALSE	https://usaybia.net/person/1347		Jubal son of Lamech son of Methuselah (Yūfāl ibn Lāmakh ibn Matūshālakh)
https://usaybia.net/person/1093				"Ibn al-Muwaffaqī, unidentified physician 15.3.2 no. 2"		https://usaybia.net/person/1071	physician			FALSE	https://usaybia.net/person/1071	Ibn al-Muwaffaqī	Ibn al-Muwaffaqī
https://usaybia.net/person/1093	Christian	d. ca. 450/1058		"al-Yabrūdī, Abū l-Faraj Jirjīs [Jūrjis] ibn Yuḥannā ibn Sahl ibn Ibrahīm, Christian physician from Damascus (d. ca. 450/1058) 15.3"		https://usaybia.net/person/2295	physician			FALSE	https://usaybia.net/person/2295	al-Yabrūdī	al-Yabrūdī
https://usaybia.net/person/1093				"Sadīd al-Dīn, father of ⅠＡＵ 14.26.2n; 14.29.2; 14.34.2; 15.49.6"		https://usaybia.net/person/1945				FALSE	https://usaybia.net/person/1945	Sadīd al-Dīn	Sadīd al-Dīn
https://usaybia.net/person/1093				"Jinn (jinnees, demons) 10.38.3; 10.67.4.2(p); 10.69.3.12(p); 10.69.3.13n; 11.13.7.8(p); 11.19.6.2n; 15.15 no. 57; 15.10(p); 15.56.1n; 15.57.2(p)"		https://usaybia.net/person/1340				FALSE	https://usaybia.net/person/1340	Jinn (jinnees	Jinn (jinnees
https://usaybia.net/person/1093		d. 456/1067		"Bahmanyār (Abū l-Ḥasan Bahmanyār ibn al-Marzubān), pupil of Ibn Sīnā (d. 456/1067) 11.13.8 no. 41; 15.40.3"		https://usaybia.net/person/617	pupil			FALSE	https://usaybia.net/person/617	Bahmanyār (Abū l-Ḥasan Bahmanyār ibn al-Marzubān)	Bahmanyār (Abū l-Ḥasan Bahmanyār ibn al-Marzubān)
https://usaybia.net/person/1093	Persian			"Kisrā (Khusraw, Chosroes), generic name for pre-Islamic Persian kings 14.32.4(p); 15.11.2.1(p)"		https://usaybia.net/person/1412	king			FALSE	https://usaybia.net/person/1412	Kisrā (Khusraw	Kisrā (Khusraw
https://usaybia.net/person/1093	Christian			Nasṭās ibn Jurayj – Christian physician practised during the reign of al-Ikhshīd ibn Ṭughj 13.14; 14.6; 14.7		https://usaybia.net/person/1758	physician			FALSE	https://usaybia.net/person/1758	Nasṭās ibn Jurayj – Christian physician practised during the reign of al-Ikhshīd ibn Ṭughj	Nasṭās ibn Jurayj – Christian physician practised during the reign of al-Ikhshīd ibn Ṭughj
https://usaybia.net/person/1093	Christian			"Isḥāq ibn Ibrāhīm ibn Nasṭās (Abū Yaʿqūb Isḥāq ibn Ibrāhīm ibn Nasṭās ibn Jurayj), Christian physician in service of al-Ḥākim 14.7; 14.16"		https://usaybia.net/person/1262	physician	Isḥāq ibn Ibrāhīm ibn Nasṭās		FALSE	https://usaybia.net/person/1262	Isḥāq ibn Ibrāhīm ibn Nasṭās	Isḥāq ibn Ibrāhīm ibn Nasṭās (Abū Yaʿqūb Isḥāq ibn Ibrāhīm ibn Nasṭās ibn Jurayj)
https://usaybia.net/person/1093	Fatimid	`reg.` 385– 411/996–1021		"al-Ḥākim, sixth Fatimid caliph (`reg.` 385– 411/996–1021) 14.7; 14.16; 14.17; 14.18; 14.19; 14.20; 14.21; 14.22.3.1; 14.25.3"		https://usaybia.net/person/815	caliph	"al-Ḥākim, sixth Fatimid caliph (`reg.` 385– 411/996–1021)"	"al-Ḥākim, sixth Fatimid caliph (`reg.` 385– 411/996–1021)"	FALSE	https://usaybia.net/person/815	al-Ḥākim	al-Ḥākim
https://usaybia.net/person/1093		1st/7th-c.		"Mutammim ibn Nuwayrah, 1st/7th-c. poet 14.32.4(p); 15.37.4(p)"		https://usaybia.net/person/1697	poet			FALSE	https://usaybia.net/person/1697	Mutammim ibn Nuwayrah	Mutammim ibn Nuwayrah
https://usaybia.net/person/1093				"Tubbaʿ, rulers of pre-Islamic Yemen 14.32.4(p); 15.11.2.1(p); 15.37.2(p)"		https://usaybia.net/person/2242	ruler			FALSE	https://usaybia.net/person/2242	Tubbaʿ	Tubbaʿ
https://usaybia.net/person/1093	Christian		436	"Yūḥannā ibn Māsawayh, Christian physician 8.3.5; 8.3.8; 8.8.1; 8.15.1; 8.15.2; 8.20.2; 8.20.3; 8.20.8; 8.25.7; 8.26; 8.27.1; 8.29.2; 8.29.3n; 8.29.4; 9.49; 10.1.14 no. 272; 13.3.3(p); 14.2"		https://usaybia.net/person/2326	physician			FALSE	https://usaybia.net/person/2326	Yūḥannā ibn Māsawayh	Yūḥannā ibn Māsawayh
https://usaybia.net/person/1093	Christian	3rd/9th-c.	102	"Sābūr ibn Sahl, early 3rd/9th-c. Christian physician 8.15.1; 8.16; 8.26.6n"		https://usaybia.net/person/1934	physician			FALSE	https://usaybia.net/person/1934	Sābūr ibn Sahl	Sābūr ibn Sahl
https://usaybia.net/person/1093	Abbasid	`reg.` 575–622/1180–1223		"al-Nāṣir li-Dīn Allāh, Abbasid caliph (`reg.` 575–622/1180–1223) 15.40; 10.76.2; 10.76.3"		https://usaybia.net/person/1755	caliph			FALSE	https://usaybia.net/person/1755	al-Nāṣir li-Dīn Allāh	al-Nāṣir li-Dīn Allāh
https://usaybia.net/person/1093		592–649/1196–1251		"Ibn Maṭrūḥ, Abū l-Ḥasan Yaḥyā ibn ʿĪsā ibn Ibrāhīm ibn al-Ḥusayn Jamāl al-Dīn, poet and high official under Ayyubids, vizier of Damascus (592–649/1196–1251) 10.64.19.7n; 14.32.2; 14.32.4n; 15.49.2; 15.50; 15.56.1"		https://usaybia.net/person/1048	poet|official|vizier			FALSE	https://usaybia.net/person/1048	Ibn Maṭrūḥ	Ibn Maṭrūḥ
https://usaybia.net/person/1093		d. 631/1233	33	"al-Āmidī, Sayf al-Dīn Abū l-Ḥasan ʿAlī ibn Abī ʿAlī ibn Muḥammad ibn Sālim al-Taghlibī al-Āmidī, theologian and philosopher (d. 631/1233) 10.22.3; 14.23.1; 15.1.1.1; 15.22; 15.50.5"		https://usaybia.net/person/494	theologian|philosopher			FALSE	https://usaybia.net/person/494	al-Āmidī	al-Āmidī
https://usaybia.net/person/1093			164	"Riḍwān, guardian angel of Paradise; name of unidentified person 10.64.19.11(p) Risālah, a slave-girl of Slavic origin 8.25.8; 8.26.9; 8.29.3"		https://usaybia.net/person/1923				FALSE	https://usaybia.net/person/1923	Riḍwān	Riḍwān
https://usaybia.net/person/1093	Christian	466/1073–561/1165	15	"Ibn al-Tilmīdh, Amīn al-Dawlah Abū l-Ḥasan Hibat Allāh ibn Ṣaʿīd, Christian court physician of al-Mustaḍī bi-Amr Allāh, author of `al-Aqrābādhīn al-kabīr`, intellectual (466/1073–561/1165) 8.16 no. 1; 10.63.3; 10.64; 10.66.7; 10.67.1; 10.68.1.3; 10.68.2.4; 10.75.1; 10.76.3; 11.5.25 no. 93; 11.12 no. 1; 15.13; 15.23.1; 15.40.3"		https://usaybia.net/person/1139	physician|author			FALSE	https://usaybia.net/person/1139	Ibn al-Tilmīdh	Ibn al-Tilmīdh
https://usaybia.net/person/1093		d. 278/892	74	"Ismāʿīl ibn Bulbul, Abū l-Ṣaqr, vizier of al-Muʿtamid (d. 278/892) 8.26.16; 10.3.6; 10.3.14 no. 113"		https://usaybia.net/person/1277	vizier			FALSE	https://usaybia.net/person/1277	Ismāʿīl ibn Bulbul	Ismāʿīl ibn Bulbul
https://usaybia.net/person/1093	Jewish		9	"Salāmah ibn Raḥmūn (Abū l-Khayr Salāmah ibn Mubārak ibn Raḥmūn), Jewish Egyptian physician 14.23.3; 14.27"		https://usaybia.net/person/1983	physician			FALSE	https://usaybia.net/person/1983	Salāmah ibn Raḥmūn (Abū l-Khayr Salāmah ibn Mubārak ibn Raḥmūn)	Salāmah ibn Raḥmūn (Abū l-Khayr Salāmah ibn Mubārak ibn Raḥmūn)
https://usaybia.net/person/1093	Fatimid	d. 532/1147		"Abū l-Qāsim ʿAlī ibn Sulaymān, Ibn al-Ṣayrafī, Fatimid official (d. 532/1147) 13.58.3.1; 13.58.3.2"		https://usaybia.net/person/310	official			FALSE	https://usaybia.net/person/310	Abū l-Qāsim ʿAlī ibn Sulaymān	
https://usaybia.net/person/1093	Fatimid	d. 515/1121		"al-Malik al-Afḍal Shahanshāh ibn Amīr al-Juyūsh (d. 515/1121), Fatimid commander 13.58.2.1; 13.58.2.2; 13.58.4.4"		https://usaybia.net/person/1455	commander			FALSE	https://usaybia.net/person/1455	al-Malik al-Afḍal Shahanshāh ibn Amīr al-Juyūsh (d. 515/1121)	al-Malik al-Afḍal Shahanshāh ibn Amīr al-Juyūsh (d. 515/1121)
https://usaybia.net/person/1093		3rd/9th-c.		"al-Maryamī, probably the 3rd/9th-c. Egyptian poet al-Qāsim ibn Yaḥyā al-Maryamī 13.58"		https://usaybia.net/person/1525	poet			FALSE	https://usaybia.net/person/1525	al-Maryamī	al-Maryamī
https://usaybia.net/person/1093		d. 528/1134	13	"Abū l-Ṣalt Umayyah ibn ʿAbd al-ʿAzīz ibn Abī l-Ṣalt al-Andalusī al-Ishbīlī, physician and poet (d. 528/1134) 13.58; 15.47n; 14.27.1; 14.27.2; 14.27.3"		https://usaybia.net/person/346	physician|poet			FALSE	https://usaybia.net/person/346	Abū l-Ṣalt Umayyah ibn ʿAbd al-ʿAzīz ibn Abī l-Ṣalt al-Andalusī al-Ishbīlī	Abū l-Ṣalt Umayyah ibn ʿAbd al-ʿAzīz ibn Abī l-Ṣalt al-Andalusī al-Ishbīlī
https://usaybia.net/person/1093			10	"Byzantines (`Rūm, Banū l-Aṣfar`) 11.13.7.9(p); 13.21.1; 13.58.4.3; 13.58.4.6(p)"		https://usaybia.net/person/667				FALSE	https://usaybia.net/person/667	Byzantines (`Rūm	Byzantines (`Rūm
https://usaybia.net/person/1093				"Shaʿbān, lampooned physician 13.58.4.9"		https://usaybia.net/person/2032	physician			FALSE	https://usaybia.net/person/2032	Shaʿbān	Shaʿbān
https://usaybia.net/person/1093	Fatimid			"al-Afḍal ibn Amīr al-Juyūsh, Fatimid vizier 487–515/1094–1121 14.26.2; 14.31.2n; 14.31.4n"		https://usaybia.net/person/408	vizier			FALSE	https://usaybia.net/person/408	al-Afḍal ibn Amīr al-Juyūsh	al-Afḍal ibn Amīr al-Juyūsh
https://usaybia.net/person/1093			9	"Raqīqah Sadīd al-Dīn al-Manṭiqī, probably to be identified with Sadīd al-Dīn ibn Raqīqah 13.58.2.1; 14.23.2; 14.30; 15.49.6; 15.51.1"		https://usaybia.net/person/1947				FALSE	https://usaybia.net/person/1947	Raqīqah Sadīd al-Dīn al-Manṭiqī	Raqīqah Sadīd al-Dīn al-Manṭiqī
https://usaybia.net/person/1093		d. 529/ 1135		"Ẓāfir al-Ḥaddād al-Iskandarī, poet (d. 529/ 1135) 13.58.4.2"		https://usaybia.net/person/2348	poet			FALSE	https://usaybia.net/person/2348	Ẓāfir al-Ḥaddād al-Iskandarī	Ẓāfir al-Ḥaddād al-Iskandarī
https://usaybia.net/person/1093				"Abū l-Ṭāhir Yaḥyā ibn Tamīm ibn Muʿizz ibn Bādīs, Zirid emir of Mahdia 13.58.4.3; 13.58.5 no. 1"		https://usaybia.net/person/361	emir			FALSE	https://usaybia.net/person/361	Abū l-Ṭāhir Yaḥyā ibn Tamīm ibn Muʿizz ibn Bādīs	Abū l-Ṭāhir Yaḥyā ibn Tamīm ibn Muʿizz ibn Bādīs
https://usaybia.net/person/1093		d. 249/863		"ʿAlī ibn al-Jahm, poet active mainly in Baghdad (d. 249/863) 13.58"		https://usaybia.net/person/475	poet			FALSE	https://usaybia.net/person/475	ʿAlī ibn al-Jahm	ʿAlī ibn al-Jahm
https://usaybia.net/person/1093		3rd/9th-c.		"Muḥammad ibn Hārūn ibn Makhlad ‘Kubbah al-Kātib’, 3rd/9th-c. poet 13.58"		https://usaybia.net/person/1616	poet			FALSE	https://usaybia.net/person/1616		Muḥammad ibn Hārūn ibn Makhlad ‘Kubbah al-Kātib’
https://usaybia.net/person/1093	Fatimid	d. 542/1147		"Abū l-Qāsim ibn Sulaymān al-Ṣayrafī (d. 542/1147), Egyptian author who worked for the Fatimid chancellery 13.58.3.1; 13.58.3.2"		https://usaybia.net/person/320	author			FALSE	https://usaybia.net/person/320	Abū l-Qāsim ibn Sulaymān al-Ṣayrafī (d. 542/1147)	Abū l-Qāsim ibn Sulaymān al-Ṣayrafī (d. 542/1147)
https://usaybia.net/person/1093		451–520/1059–1127		"al-Ṭurṭūshī, Abū Bakr Muḥammad ibn al-Walīd, jurist (451–520/1059–1127) 15.3.1.5"		https://usaybia.net/person/2247	jurist			FALSE	https://usaybia.net/person/2247	al-Ṭurṭūshī	
https://usaybia.net/person/1093				"Abū l-Karam, physician 15.3.1.1; 15.3.1.4"		https://usaybia.net/person/252	physician			FALSE	https://usaybia.net/person/252	Abū l-Karam	Abū l-Karam
https://usaybia.net/person/1093				"Ibn al-Kattānī (`or` al-Kitānī), prefect of Damascus in time of al-Yabrūdī 15.3.1.6"		https://usaybia.net/person/1021				FALSE	https://usaybia.net/person/1021	Ibn al-Kattānī (`or` al-Kitānī)	Ibn al-Kattānī (`or` al-Kitānī)
https://usaybia.net/person/1093	Christian	d. 435/1043		"Ibn al-Ṭayyib, Abū l-Faraj ʿAbd Allāh, Christian physician and philosopher (d. 435/1043) 10.37; 10.38.1; 10.38.4; 11.13.8 no. 97; 14.22.5.1 nos. 3, 21; 14.25.5; 14.25.9 no. 22; 15.3.1; 15.4; 15.36.2 no. 1"		https://usaybia.net/person/1136	physician|philosopher			FALSE	https://usaybia.net/person/1136	Ibn al-Ṭayyib	Ibn al-Ṭayyib
https://usaybia.net/person/1093				"ʿAbd Allāh ibn Rajāʾ ibn Yaʿqūb, unidentified transmitter 15.3.1.6"		https://usaybia.net/person/25	transmitter			FALSE	https://usaybia.net/person/25	ʿAbd Allāh ibn Rajāʾ ibn Yaʿqūb	ʿAbd Allāh ibn Rajāʾ ibn Yaʿqūb
https://usaybia.net/person/1093				"Abū l-Rajāʾ, unidentified transmitter 15.3.1.1"		https://usaybia.net/person/2403	transmitter			FALSE	https://usaybia.net/person/2403	Abū l-Rajāʾ	Abū l-Rajāʾ
https://usaybia.net/person/1093				"Abū l-Faraj ibn al-Ḥadīd, transmitter 15.3.1.1"		https://usaybia.net/person/165	transmitter			FALSE	https://usaybia.net/person/165	Abū l-Faraj ibn al-Ḥadīd	Abū l-Faraj ibn al-Ḥadīd
https://usaybia.net/person/1093				"Abū l-Khayr, blood-letter 15.3.1.1"		https://usaybia.net/person/255				FALSE	https://usaybia.net/person/255	Abū l-Khayr	Abū l-Khayr
https://usaybia.net/person/1093		d. 578/1191		"Abū l-Faraj ibn Ḥayyān, maternal uncle of Ibn al-Muṭrān (d. 578/1191) 15.3.1.4"		https://usaybia.net/person/166				FALSE	https://usaybia.net/person/166	Abū l-Faraj ibn Ḥayyān	Abū l-Faraj ibn Ḥayyān
https://usaybia.net/person/1093				"Abū l-Khaṭṭāb Muḥammad ibn Muḥammad ibn Abī Ṭālib, Iraqi physician 10.37.4; 10.58.2; 10.60; 11.8.3"		https://usaybia.net/person/254	physician			FALSE	https://usaybia.net/person/254	Abū l-Khaṭṭāb Muḥammad ibn Muḥammad ibn Abī Ṭālib	Abū l-Khaṭṭāb Muḥammad ibn Muḥammad ibn Abī Ṭālib
https://usaybia.net/person/1093	Christian			"al-Sanī al-Baʿlabakkī, Christian physician at Damascus 10.64.13; 15.3.1; 15.3.1.2"		https://usaybia.net/person/2004	physician			FALSE	https://usaybia.net/person/2004	al-Sanī al-Baʿlabakkī	al-Sanī al-Baʿlabakkī
https://usaybia.net/person/1093		d. 369/979		"al-Ghaḍanfar, Abū Taghlib Faḍl Allāh (d. 369/979), Ḥamdānid emir 15.3.1.3"		https://usaybia.net/person/792	emir			FALSE	https://usaybia.net/person/792	al-Ghaḍanfar	al-Ghaḍanfar
https://usaybia.net/person/1093				"Ibn al-Khammār, Abū l-Khayr al-Ḥasan ibn Suwār ibn Bābā ibn Bihrām (Bihnām), teacher of Ibn al-Ṭayyib and Ibn Hindū 6.4; 10.37.4; 11.5.20; 11.8; 11.9.1"		https://usaybia.net/person/1028	teacher	"Ibn al-Khammār, Abū l-Khayr al-Ḥasan ibn Suwār ibn Bābā ibn Bihrām"		FALSE	https://usaybia.net/person/1028	Ibn al-Khammār	Ibn al-Khammār
https://usaybia.net/person/1093		d. ca. 200/810		"Jābir ibn Ḥayyān, Abū Mūsā ibn ʿAbd Allāh al-Kūfī (Geber), alchemist (d. ca. 200/810) 1.2n; 11.5.25 no. 176; 15.40.3"		https://usaybia.net/person/1296				FALSE	https://usaybia.net/person/1296	Jābir ibn Ḥayyān	Jābir ibn Ḥayyān
https://usaybia.net/person/1093	Christian	4th/10th-c.	96	"Ibrāhīm ibn Baks/Bakūs/Bakūsh/Bakkūsh al-ʿUshārī/al-ʿAshshārī(?), Abū Isḥāq, 4th/10th-c. Christian physician and translator active in Baghdad 4.7n; 8.29.8; 9.37; 9.38; 10.23.2; 10.42; 11.8.6 no. 13"		https://usaybia.net/person/1191	physician|translator			FALSE	https://usaybia.net/person/1191	Ibrāhīm ibn Baks/Bakūs/Bakūsh/Bakkūsh al-ʿUshārī/al-ʿAshshārī(?)	Ibrāhīm ibn Baks/Bakūs/Bakūsh/Bakkūsh al-ʿUshārī/al-ʿAshshārī(?)
https://usaybia.net/person/1093			64	"Māsawayh, son of Yūḥannā ibn Māsawayh 8.26.12"		https://usaybia.net/person/1530				FALSE	https://usaybia.net/person/1530	Māsawayh	Māsawayh
https://usaybia.net/person/1093	Christian		82	"Isrāʾīl ibn Zakariyyā ibn al-Ṭayfūrī, Christian personal physician of al-Mutawakkil 8.12; 8.26.12; 9.49"		https://usaybia.net/person/1286	physician			FALSE	https://usaybia.net/person/1286	Isrāʾīl ibn Zakariyyā ibn al-Ṭayfūrī	Isrāʾīl ibn Zakariyyā ibn al-Ṭayfūrī
https://usaybia.net/person/1093		`reg.` 785–786	64	"Muḥammad ibn Sulaymān ibn al-Hādī, known as Ibn Mashghūf, grandson of al-Hādī (`reg.` 785–786) 8.26.12"		https://usaybia.net/person/1633				FALSE	https://usaybia.net/person/1633	Muḥammad ibn Sulaymān ibn al-Hādī	Muḥammad ibn Sulaymān ibn al-Hādī
https://usaybia.net/person/1093		3rd/9th-c.	60	"Jarjah ibn Zakariyyā, 3rd/9th-c. Nubian chieftain 8.26.10"		https://usaybia.net/person/1327	chieftain			FALSE	https://usaybia.net/person/1327	Jarjah ibn Zakariyyā	Jarjah ibn Zakariyyā
https://usaybia.net/person/1093		active 221/836	60	"al-Ḥarīsh, physician at the court of the caliph al-Muʿtaṣim (active 221/836) 8.26.10"		https://usaybia.net/person/826	physician|caliph			FALSE	https://usaybia.net/person/826	al-Ḥarīsh	al-Ḥarīsh
https://usaybia.net/person/1093				"Rashīd al-Dīn Abū l-Ḥasan ʿAlī ibn Khalīfah, physician and uncle of ʿAbd al-Laṭīf al-Baghdādī 10.83.5; 14.42.2; 14.44.4; 14.56.1; 15.1.3; 15.40.9 no. 85; 15.50.6; 15.51"		https://usaybia.net/person/1910	physician			FALSE	https://usaybia.net/person/1910	Rashīd al-Dīn Abū l-Ḥasan ʿAlī ibn Khalīfah	Rashīd al-Dīn Abū l-Ḥasan ʿAlī ibn Khalīfah
https://usaybia.net/person/1093		d. 613/1216		"al-Malik al-Ẓāhir Ghāzī ibn Yūsuf, Ayyubid ruler of Aleppo (d. 613/1216) 10.75.2; 15.18.1; 15.18.1.3; 15.23.2.1; 15.30; 15.40; 15.50.6"		https://usaybia.net/person/1495	ruler			FALSE	https://usaybia.net/person/1495	al-Malik al-Ẓāhir Ghāzī ibn Yūsuf	al-Malik al-Ẓāhir Ghāzī ibn Yūsuf
https://usaybia.net/person/1093				"Dracon, son of Hippocrates 4.1.2; 4.1.10.1"	son	https://usaybia.net/person/729				FALSE	https://usaybia.net/person/729	Dracon	Dracon
https://usaybia.net/person/1093				"Polybus, son-in-law of Hippocrates 4.1.2; 4.1.10.1"		https://usaybia.net/person/1839				FALSE	https://usaybia.net/person/1839	Polybus	Polybus
https://usaybia.net/person/1093			59	Abū l-Ḥasan Yūsuf (ibn Ibrāhīm al-Ḥābis ibn al-Dāyah) 8.26.14		https://usaybia.net/person/212				FALSE	https://usaybia.net/person/212	Abū l-Ḥasan Yūsuf (ibn Ibrāhīm al-Ḥābis ibn al-Dāyah)	Abū l-Ḥasan Yūsuf (ibn Ibrāhīm al-Ḥābis ibn al-Dāyah)
https://usaybia.net/person/1093		"al-Tamīmī, Abū ʿAbd Allāh Muḥammad ibn Aḥmad ibn Saʿīd, 10th-c. physician"		"al-Tamīmī, Abū ʿAbd Allāh Muḥammad ibn Aḥmad ibn Saʿīd, 10th-c. physician 14.14; 14.25.9 no. 32"		https://usaybia.net/person/2181	physician			FALSE	https://usaybia.net/person/2181	al-Tamīmī	al-Tamīmī
https://usaybia.net/person/1093			166	"ʿAbd Allāh ibn Ṭāhir, governor of Khorasan 7.7.2; 9.7n; 8.26.20 no. 22; 8.29.22n"		https://usaybia.net/person/26	governor			FALSE	https://usaybia.net/person/26	ʿAbd Allāh ibn Ṭāhir	ʿAbd Allāh ibn Ṭāhir
https://usaybia.net/person/1093	Jewish		12	"Ifrāʾīm ibn al-Zaffān, Jewish physician in Egypt, student of Ibn Riḍwan 14.25.9 no. 25; 14.26; 14.27.1; 14.27.2"		https://usaybia.net/person/1215	physician|student	Ifrāʾīm ibn al-Zaffān		FALSE	https://usaybia.net/person/1215	Ifrāʾīm ibn al-Zaffān	Ifrāʾīm ibn al-Zaffān
https://usaybia.net/person/1093	Greek		65	"Hermes, legendary Egyptian-Greek sage, Hermes Trismegistus (Thrice-Great), identified with the Islamic Idrīs/Hermes the Second/Hermes the Third 1.1; 1.4; 2.1.4; 4.1.10.5; 10.4.9 no. 14; 14.21n; 14.23.4n"		https://usaybia.net/person/2421				FALSE	https://usaybia.net/person/2421	Hermes	Hermes
https://usaybia.net/person/1093	Fatimid	420–487/1029–1094		"al-Mustanṣir (Abū Tamīm Maʿadd al-Mustanṣir bi-Allāh), Fatimid caliph (420–487/1029–1094) 10.38; 14.25.3n; 14.25.5; 14.26.3 no. 2n"		https://usaybia.net/person/1688	caliph	al-Mustanṣir (Abū Tamīm Maʿadd al-Mustanṣir bi-Allāh)	al-Mustanṣir (Abū Tamīm Maʿadd al-Mustanṣir bi-Allāh)	FALSE	https://usaybia.net/person/1688	al-Mustanṣir (Abū Tamīm Maʿadd al-Mustanṣir bi-Allāh)	al-Mustanṣir (Abū Tamīm Maʿadd al-Mustanṣir bi-Allāh)
https://usaybia.net/person/1093		"Democritus of Abdera, late-5th-c. founder of Atomist philosophy"	38	"Democritus of Abdera, late-5th-c. founder of Atomist philosophy 4.1.2; 4.1.11.3; 4.7n"		https://usaybia.net/person/707	founder			FALSE	https://usaybia.net/person/707	Democritus of Abdera	Democritus of Abdera
https://usaybia.net/person/1093			95			https://usaybia.net/person/2387				FALSE	https://usaybia.net/person/2387	al-Muqtadir bi-Allāh (Abū l-Faḍl Jaʿfar ibn Aḥmad al-Muʿtaḍid)	al-Muqtadir bi-Allāh (Abū l-Faḍl Jaʿfar ibn Aḥmad al-Muʿtaḍid)
https://usaybia.net/person/1093		d. ca. 198/813	201	"Abū Nuwās al-Ḥasan ibn Hāniʾ al-Ḥakamī, poet (d. ca. 198/813) 4.6.10n; 8.3.23; 8.19.3; 8.29.1n; 8.29.22n; 15.40.4n"		https://usaybia.net/person/307	poet			FALSE	https://usaybia.net/person/307	Abū Nuwās al-Ḥasan ibn Hāniʾ al-Ḥakamī	Abū Nuwās al-Ḥasan ibn Hāniʾ al-Ḥakamī
https://usaybia.net/person/1093		d. ca. 275/888	284	"ʿĪsā ibn Māssah al-Baṣrī, medical writer (d. ca. 275/888) 8.3.8; 8.4.10; 8.8.1; 8.12.2; 8.20.2; 8.23.1; 8.25.2; 8.26.2; 8.28"		https://usaybia.net/person/1246	medical writer			FALSE	https://usaybia.net/person/1246	ʿĪsā ibn Māssah al-Baṣrī	ʿĪsā ibn Māssah al-Baṣrī
https://usaybia.net/person/1093		d. 420/1029		"Ibn Hindū, Abū l-Faraj ʿAlī ibn al-Ḥusayn, poet and physician author of `K. Miftāḥ al-ṭibb` (d. 420/1029) 6.4 (discussion of Alexandrian curriculum); 10.64.19.4n; 10.64.19.7n; 11.8.5; 11.9"		https://usaybia.net/person/1000	poet|physician|author			FALSE	https://usaybia.net/person/1000	Ibn Hindū	Ibn Hindū
https://usaybia.net/person/1093		3rd/9th-c.	287	"Isḥāq ibn ʿAlī al-Ruhāwī, 3rd/9th-c. physician, author of Acab `al-ṭabīb` 8.3.8; 8.4.10; 8.8.1; 8.12.1; 8.12.2; 8.20.2; 8.23.1; 8.25.2; 8.26.2; 8.28n; 10.57"		https://usaybia.net/person/1257	physician|author			FALSE	https://usaybia.net/person/1257	Isḥāq ibn ʿAlī al-Ruhāwī	Isḥāq ibn ʿAlī al-Ruhāwī
https://usaybia.net/person/1093				"Jacobites (al-Yaʿqūbiyyah) 6.1.2; 6.1.3; 10.22.1.2, 14.1; 15.3.1"		https://usaybia.net/person/1298				FALSE	https://usaybia.net/person/1298	"""Jacobites (al-Yaʿqūbiyyah) 6.1.2; 6.1.3; 10.22.1.2"""	"""Jacobites (al-Yaʿqūbiyyah) 6.1.2; 6.1.3; 10.22.1.2"""
https://usaybia.net/person/1093				"Thessalus, eldest son of Hippocrates 4.1.2; 4.1.10.1n"		https://usaybia.net/person/2221				FALSE	https://usaybia.net/person/2221	Thessalus	Thessalus
https://usaybia.net/person/1093		d. 365/976		"Abū l-Ḥasan Thābit ibn Ibrāhīm ibn Zahrūn al-Ḥarrānī, (d. 365/976) 10.8; 10.38.1"		https://usaybia.net/person/211		Abū l-Ḥasan Thābit ibn Ibrāhīm ibn Zahrūn al-Ḥarrānī		FALSE	https://usaybia.net/person/211	Abū l-Ḥasan Thābit ibn Ibrāhīm ibn Zahrūn al-Ḥarrānī	Abū l-Ḥasan Thābit ibn Ibrāhīm ibn Zahrūn al-Ḥarrānī
https://usaybia.net/person/1093				"al-Dīn ibn al-Zubayr al-Qāḍī al-Makīn Abū l-Qāsim ʿAlī ibn al-Ḥusayn, unidentified 14.32.5 no. 4"		https://usaybia.net/person/1862				FALSE	https://usaybia.net/person/1862	al-Dīn ibn al-Zubayr al-Qāḍī al-Makīn Abū l-Qāsim ʿAlī ibn al-Ḥusayn	al-Dīn ibn al-Zubayr al-Qāḍī al-Makīn Abū l-Qāsim ʿAlī ibn al-Ḥusayn
https://usaybia.net/person/1093		d. 82/701		"Jamīl ibn Maʿmar, poet-lover (d. 82/701) 14.32.4(p)"		https://usaybia.net/person/1320	poet			FALSE	https://usaybia.net/person/1320	Jamīl ibn Maʿmar	Jamīl ibn Maʿmar
https://usaybia.net/person/1093				"Abū Ṭāhir Ismāʿīl ibn Jumayʿ, son of Ibn Jumayʿ 14.32.5 no. 1n"		https://usaybia.net/person/360				FALSE	https://usaybia.net/person/360	Abū Ṭāhir Ismāʿīl ibn Jumayʿ	Abū Ṭāhir Ismāʿīl ibn Jumayʿ
https://usaybia.net/person/1093	Abbasid	`reg.` 169–170/785– 86	150	"al-Hādī, Abū Muḥammad Mūsā ibn al-Mahdī, Abbasid caliph (`reg.` 169–170/785– 86) 8.2; 8.8.1; 8.8.2; 8.15.1n; 8.26.12n"		https://usaybia.net/person/806	caliph			FALSE	https://usaybia.net/person/806	al-Hādī	al-Hādī
https://usaybia.net/person/1093		`reg.` 442–449/1050–1057– 8		"Muʿizz al-Dawlah Thimāl ibn Ṣāliḥ, Mirdāsid ruler of Aleppo (`reg.` 442–449/1050–1057– 8) 10.38.2"		https://usaybia.net/person/1655	ruler	Muʿizz al-Dawlah Thimāl ibn Ṣāliḥ		FALSE	https://usaybia.net/person/1655	Muʿizz al-Dawlah Thimāl ibn Ṣāliḥ	Muʿizz al-Dawlah Thimāl ibn Ṣāliḥ
https://usaybia.net/person/1093		4th/10th-c.	217	"al-Tawḥīdī, Abū Ḥayyān, 4th/10th-c. intellectual and author 7.1.2n; 8.3.16n; 8.26.9n"		https://usaybia.net/person/2187	author			FALSE	https://usaybia.net/person/2187	al-Tawḥīdī	al-Tawḥīdī
https://usaybia.net/person/1093		2nd/8th-c.	70	"Ibn al-Kalbī, Hishām, 2nd/8th-c. historian 7.9.4n; 7.10n; 8.26.13n"		https://usaybia.net/person/1019	historian			FALSE	https://usaybia.net/person/1019	Ibn al-Kalbī	Ibn al-Kalbī
https://usaybia.net/person/1093			150	"Muḥammad ibn Ṭāhir Abū Sulaymān Muḥammad ibn Ṭāhir ibn Bahrām al-Sijistānī, known as al-Manṭiqī, philosopher 1.5; 4.1.8.1n; 4.6.3.5; 2.1.1; 6.1.2; 8.29.5n; 8.30.6n; 11.7; 11.8. no. 13; 13.34.1; 15.1.3.1"		https://usaybia.net/person/357	philosopher			FALSE	https://usaybia.net/person/357	Muḥammad ibn Ṭāhir Abū Sulaymān Muḥammad ibn Ṭāhir ibn Bahrām al-Sijistānī	Muḥammad ibn Ṭāhir Abū Sulaymān Muḥammad ibn Ṭāhir ibn Bahrām al-Sijistānī
https://usaybia.net/person/1093			202	"Thābit ibn Qurrah al-Ḥarrānī, mathematician and scientist 1.5n; 2.1.5; 8.29.5; 8.29.22n; 9.12; 9.28; 10.1.5; 10.2.4 no. 25; 10.3; 10.19 no. 1; 11.3; 14.22.4.3 no. 44n; 14.25.9 no. 45n"		https://usaybia.net/person/2196	mathematician|scientist			FALSE	https://usaybia.net/person/2196	Thābit ibn Qurrah al-Ḥarrānī	Thābit ibn Qurrah al-Ḥarrānī
https://usaybia.net/person/1093	Jewish|Fatimid	318–380/930–991		"Abū l-Faraj Yaʿqūb ibn Killis, Jewish vizier of Fatimid al-ʿAzīz (318–380/930–991) 14.14"		https://usaybia.net/person/170	vizier			FALSE	https://usaybia.net/person/170	Abū l-Faraj Yaʿqūb ibn Killis	Abū l-Faraj Yaʿqūb ibn Killis
https://usaybia.net/person/1093				"ʿAlī ibn Muḥammad ibn al-Tamīmī, son of the physician al-Tamīmī 14.14.8 no. 1"		https://usaybia.net/person/477	physician			FALSE	https://usaybia.net/person/477	ʿAlī ibn Muḥammad ibn al-Tamīmī	ʿAlī ibn Muḥammad ibn al-Tamīmī
https://usaybia.net/person/1093	monk			"Anbā Zakhariyyā ibn Thawābah, unidentified monk in Jerusalem in the 900s 14.14.2"		https://usaybia.net/person/2407	monk			FALSE	https://usaybia.net/person/2407		Anbā Zakhariyyā ibn Thawābah
https://usaybia.net/person/1093	Christian	d. 363/974	135	"Yaḥyā ibn ʿAdī, Christian philosopher and theologian (d. 363/974) 1.4; 1.5; 4.5.4n; 4.7n; 4.8.1; 8.29.5; 10.22; 10.23.1; 11.7; 11.8.2; 11.8.6 no. 13; 14.25.9 no. 78; 15.1.3.1"		https://usaybia.net/person/2299	philosopher|theologian			FALSE	https://usaybia.net/person/2299	Yaḥyā ibn ʿAdī	Yaḥyā ibn ʿAdī
https://usaybia.net/person/1093				"Ibn al-Tilmīdh, Raḍī al-Dawlah Abū Naṣr ibn Hibat Allāh (ibn) Ṣāʿid, physician son of (Amīn al-Dawlah) ibn al-Tilmīdh 10.64.15; 10.64.16; 15.40.3n"		https://usaybia.net/person/1141	physician			FALSE	https://usaybia.net/person/1141	Ibn al-Tilmīdh	
https://usaybia.net/person/1093		d. 575/1179		"Ibn al-Aṭṭār, Ẓahīr al-Dīn Abū Bakr Manṣūr ibn Naṣr (d. 575/1179), vizier under al-Mustanjid 15.40.3"		https://usaybia.net/person/938	vizier			FALSE	https://usaybia.net/person/938	Ibn al-Aṭṭār	Ibn al-Aṭṭār
https://usaybia.net/person/1093	Jewish			"Ibn Jumayʿ `or` Ibn Jamīʿ, Al-Shaykh al-Muwaffaq Shams al-Riyāsah Abū l-ʿAshāʾir Hibat Allāh ibn Zayn ibn Ḥasan ibn Ifrāʾīm ibn Yaʿqūb ibn Ismāʿīl ibn Jumayʿ al-Isrāʾīlī, Jewish physician 13.61.2.1; 14.32; 14.36.3; 14.43.2; 15.40.9 no. 87"		https://usaybia.net/person/1017	physician			FALSE	https://usaybia.net/person/1017	Ibn Jumayʿ `or` Ibn Jamīʿ	Ibn Jumayʿ `or` Ibn Jamīʿ
https://usaybia.net/person/1093		"al-Mubashshir ibn Fātik, Maḥmūd al-Dawlah Abū l-Wafāʾ (5th/11th c.), author of `Mukhtār al-ḥikam`"	141	"al-Mubashshir ibn Fātik, Maḥmūd al-Dawlah Abū l-Wafāʾ (5th/11th c.), author of `Mukhtār al-ḥikam` 1.4; 2.1.3; 2.1.7; 4.1.5n; 4.1.7; 4.1.8.1n; 4.1.10.2n; 4.3.3n; 4.3.4.1; 4.3.4.2n; 4.3.5; 4.4.2.1; 4.4.24n; 4.4.2.5; 4.4.4; 4.5.1n; 4.5.3; 4.6.2.1n; 4.6.3.1; 4.6.3.2; 4.6.3.4; 4.6.8n; 4.6.11; 5.1.21.1; 5.1.23; 5.1.35; 10.22.3; 14.23; 14.27.1"		https://usaybia.net/person/1589	author			FALSE	https://usaybia.net/person/1589	al-Mubashshir ibn Fātik	al-Mubashshir ibn Fātik
https://usaybia.net/person/1093		d. 599/1202–1203		"Ibn Ṭalḥah al-Kātib al-Baghdādī, Abū l-Ḥasan ʿAlī ibn Ḥamzah, secretary to the Ḥājib of the Bāb al-Nūbī (d. 599/1202–1203) 15.40.3"		https://usaybia.net/person/1132	secretary			FALSE	https://usaybia.net/person/1132	Ibn Ṭalḥah al-Kātib al-Baghdādī	Ibn Ṭalḥah al-Kātib al-Baghdādī
https://usaybia.net/person/1093				"al-Malik al-Afḍal Nūr al-Dīn ʿAlī, Saladin’s eldest son 14.39.1; 14.39.4 no. 3; 15.28; 15.40.3"		https://usaybia.net/person/1454				FALSE	https://usaybia.net/person/1454	al-Malik al-Afḍal Nūr al-Dīn ʿAlī	al-Malik al-Afḍal Nūr al-Dīn ʿAlī
https://usaybia.net/person/1093		7th/13th-c.		"Shihāb al-Dīn Ṭughrīl, early 7th/13th-c. Atabeg of Aleppo 15.40.6; 15.40.7"		https://usaybia.net/person/2089				FALSE	https://usaybia.net/person/2089	Shihāb al-Dīn Ṭughrīl	Shihāb al-Dīn Ṭughrīl
https://usaybia.net/person/1093		`reg.` 638– 647/1240–1249		"al-Malik al-Ṣāliḥ ⅠⅠ Ayyūb ibn al-Kāmil Muḥammad Nāṣir al-Dīn, Najm al-Dīn, Ayyubid ruler of Egypt (`reg.` 638– 647/1240–1249) 14.32.2; 14.45; 14.54.3; 14.55.3; 14.56.1; 14.56.3; 14.56.2; 14.56.4 no. 1; 14.58.3; 14.58.4 no. 3; 15.31.1; 15.49; 15.52.1"		https://usaybia.net/person/1493	ruler			FALSE	https://usaybia.net/person/1493	al-Malik al-Ṣāliḥ ⅠⅠ Ayyūb ibn al-Kāmil Muḥammad Nāṣir al-Dīn	al-Malik al-Ṣāliḥ ⅠⅠ Ayyūb ibn al-Kāmil Muḥammad Nāṣir al-Dīn
https://usaybia.net/person/1093				"al-Suhrawardī, Shihāb al-Dīn, philosopher and mystic 15.18; 15.20; 15.40.3"		https://usaybia.net/person/2139	philosopher			FALSE	https://usaybia.net/person/2139	al-Suhrawardī	al-Suhrawardī
https://usaybia.net/person/1093				"Ibn Barrī, grammarian 15.40.9 no. 26"		https://usaybia.net/person/950	grammarian			FALSE	https://usaybia.net/person/950	Ibn Barrī	Ibn Barrī
https://usaybia.net/person/1093		d. 607/1210		"Ibn Sukaynah (probably Ḍiyāʾ al-Dīn Abū Aḥmad ʿAbd al-Wahhāb ibn al-Amīn al-Baghdādī), (d. 607/1210), pupil of Ibn Khashshāb 15.40.3"		https://usaybia.net/person/1127	pupil			FALSE	https://usaybia.net/person/1127	Ibn Sukaynah (probably Ḍiyāʾ al-Dīn Abū Aḥmad ʿAbd al-Wahhāb ibn al-Amīn al-Baghdādī)	Ibn Sukaynah (probably Ḍiyāʾ al-Dīn Abū Aḥmad ʿAbd al-Wahhāb ibn al-Amīn al-Baghdādī)
https://usaybia.net/person/1093		d. 520//1126		"Ibn Barhān, Abū l-Fatḥ Aḥmad ibn ʿAlī ibn Muḥammad, grammarian and jurist (d. 520//1126) 15.40.2"		https://usaybia.net/person/949	grammarian|jurist			FALSE	https://usaybia.net/person/949	Ibn Barhān	Ibn Barhān
https://usaybia.net/person/1093			61	"Muḥammad ibn Abī Ayyūb ibn al-Rashīd, grandson of Hārūn al-Rashīd; and patient of Yuhanna ibn Masawayh 8.26.11"		https://usaybia.net/person/1608				FALSE	https://usaybia.net/person/1608	Muḥammad ibn Abī Ayyūb ibn al-Rashīd	
https://usaybia.net/person/1093		573–635/1177–1238		"al-Malik al-Kāmil Muḥammad ibn Abū Bakr ibn Ayyūb (573–635/1177–1238), fourth Ayyubid sultan in Egypt 14.22.2n; 14.40.1; 14.44.2; 14.45; 14.49.2;14.51.2; 14.53; 14.54.3; 14.54.4; 14.54.4–6; 14.54.8; 14.54.9; 14.54.10; 14.54.11; 14.56.1; 14.57.1; 14.57.3; 14.58.3; 15.37.3; 15.40.9 no. 14; 15.49.2; 15.50; 15.51.4"		https://usaybia.net/person/1472	sultan			FALSE	https://usaybia.net/person/1472	al-Malik al-Kāmil Muḥammad ibn Abū Bakr ibn Ayyūb (573–635/1177–1238)	al-Malik al-Kāmil Muḥammad ibn Abū Bakr ibn Ayyūb (573–635/1177–1238)
https://usaybia.net/person/1093		d. 347/958		"Ibn Durustawayh ibn al-Marzubān al-Fasawī, Abū Muḥammad ʿAbd Allāh ibn Jaʿfar, grammarian (d. 347/958) 15.40.2"		https://usaybia.net/person/975	grammarian			FALSE	https://usaybia.net/person/975	Ibn Durustawayh ibn al-Marzubān al-Fasawī	Ibn Durustawayh ibn al-Marzubān al-Fasawī
https://usaybia.net/person/1093				"Mūsā, Moses 10.51.2(p); 13.50; 15.17(p); 15.46; 15.40.3; 15.46.3.6(p); 15.56.1n"		https://usaybia.net/person/2388				FALSE	https://usaybia.net/person/2388	Mūsā	Mūsā
https://usaybia.net/person/1093			58	"Hārūn ibn Sulaymān ibn al-Manṣūr, friend of the physician Yūḥannā ibn Māsawayh 8.26"		https://usaybia.net/person/838	physician			FALSE	https://usaybia.net/person/838	Hārūn ibn Sulaymān ibn al-Manṣūr	Hārūn ibn Sulaymān ibn al-Manṣūr
https://usaybia.net/person/1093		290–368/903–979		"al-Sīrāfī, Abū Saʿīd Ḥasan (`or` al-Ḥasan) ibn ʿAbd Allāh ibn al-Marzubān, grammarian (290–368/903–979) 15.40.2"		https://usaybia.net/person/2122	grammarian			FALSE	https://usaybia.net/person/2122	al-Sīrāfī	al-Sīrāfī
https://usaybia.net/person/1093				"Ibn Tātalī, itinerant scholar 15.40.3; 15.40.3n"		https://usaybia.net/person/1135	scholar			FALSE	https://usaybia.net/person/1135	Ibn Tātalī	Ibn Tātalī
https://usaybia.net/person/1093		d. 615/1218		"al-Malik al-ʿĀdil Abū Bakr Muḥammad ibn Ayyūb, known as Sayf al-Dīn, brother and successor of Saladin (d. 615/1218) 11.19 no. 18; 13.86.2; 14.31.7; 14.32.5 no. 8; 14.38.1; 14.39.1; 14.43.2; 14.49.2–3; 14.50; 14.51.2; 14.54.3; 15.34; 15.36.1.3; 15.39; 15.40.5; 15.42; 15.45.2; 15.46.3; 15.46.4 no. 3; 15.47.1; 15.48; 15.49.2; 15.50; 15.51.3; 15.51.5; 15.51.6; 15.51.8"		https://usaybia.net/person/1451				FALSE	https://usaybia.net/person/1451	al-Malik al-ʿĀdil Abū Bakr Muḥammad ibn Ayyūb	al-Malik al-ʿĀdil Abū Bakr Muḥammad ibn Ayyūb
https://usaybia.net/person/1093		d. 252/866	59	"Abū l-Ḥusayn Yūsuf, probably written in error for Abū l-Ḥasan Yūsuf Abū l-ʿIbar, Abū l-ʿAbbās Muḥammad ibn Aḥmad ibn ʿAbd Allāh al-Hāshimī, known as Abū l-ʿIbar, burlesque poet (d. 252/866) 8.26.5"		https://usaybia.net/person/227	poet			FALSE	https://usaybia.net/person/227	Abū l-Ḥusayn Yūsuf	Abū l-Ḥusayn Yūsuf
https://usaybia.net/person/1093		513/1119–577/1181		"al-Anbārī al-Naḥwī, Kamāl al-Dīn ʿAbd al-Raḥmān ibn Muḥammad ibn ʿUbayd Allāh Abū l-Barakāt, grammarian (513/1119–577/1181) 15.40.2"		https://usaybia.net/person/519	grammarian			FALSE	https://usaybia.net/person/519	al-Anbārī al-Naḥwī	al-Anbārī al-Naḥwī
https://usaybia.net/person/1093				"Fakhr al-Dawlah ibn al-Muṭṭalib, founder of Dār al-Dhahab law-college 15.40.2"		https://usaybia.net/person/761	founder			FALSE	https://usaybia.net/person/761	Fakhr al-Dawlah ibn al-Muṭṭalib	Fakhr al-Dawlah ibn al-Muṭṭalib
https://usaybia.net/person/1093			59	"Isḥāq ibn Ibrāhīm ibn Muḥammad ibn Ismāʿīl, known as Bayḍ al-baghl, associate of Yūsuf ibn Ibrāhīm (Ibn al-Dāyah) 8.26.5"		https://usaybia.net/person/1261				FALSE	https://usaybia.net/person/1261	Isḥāq ibn Ibrāhīm ibn Muḥammad ibn Ismāʿīl	Isḥāq ibn Ibrāhīm ibn Muḥammad ibn Ismāʿīl
https://usaybia.net/person/1093		d. 516/1122		"al-Ḥarīrī, author of `Maqāmāt` (d. 516/1122) 15.40; 15.40n; 15.40.9 no. 26"		https://usaybia.net/person/825	author			FALSE	https://usaybia.net/person/825	al-Ḥarīrī	al-Ḥarīrī
https://usaybia.net/person/1093		d. 566/1170		Ibn Bundar (probably Abū l-Qāsim Yaḥyā ibn Thābit al-Wakīl) (d. 566/1170) 15.40		https://usaybia.net/person/958				FALSE	https://usaybia.net/person/958	Ibn Bundar (probably Abū l-Qāsim Yaḥyā ibn Thābit al-Wakīl) (d. 566/1170)	Ibn Bundar (probably Abū l-Qāsim Yaḥyā ibn Thābit al-Wakīl) (d. 566/1170)
https://usaybia.net/person/1093		d. 646/1248	59	"Ibn al-Bayṭār, Ḍiyāʾ al-Dīn Abū Muḥammad ʿAbd Allāh ibn Aḥmad al-Mālaqī al-Nabātī, Andalusian pharmacologist (d. 646/1248) 1.3.2n; 8.26.6n; 14.54.11n; 14.58"		https://usaybia.net/person/955	pharmacologist			FALSE	https://usaybia.net/person/955	Ibn al-Bayṭār	Ibn al-Bayṭār
https://usaybia.net/person/1093		213–276/828–89	231	"Ibn Qutaybah al-Dīnawarī, Islamic polymath (213–276/828–89) 7.1.6n; 8.29.22n; 10.1.10; 15.40.2; 15.40.9 no. 1"		https://usaybia.net/person/1088	polymath			FALSE	https://usaybia.net/person/1088	Ibn Qutaybah al-Dīnawarī	Ibn Qutaybah al-Dīnawarī
https://usaybia.net/person/1093		d. 392/1002		"Ibn Jinnī, Abū l-Fatḥ ʿUthmān al-Mawṣilī, grammarian (d. 392/1002) 15.40.9 no. 25"		https://usaybia.net/person/1014	grammarian			FALSE	https://usaybia.net/person/1014	Ibn Jinnī	Ibn Jinnī
https://usaybia.net/person/1093				"Yūsuf ibn Hibat Allāh ibn Muslim, unidentified poet 14.32.4"		https://usaybia.net/person/2336	poet			FALSE	https://usaybia.net/person/2336	Yūsuf ibn Hibat Allāh ibn Muslim	Yūsuf ibn Hibat Allāh ibn Muslim
https://usaybia.net/person/1093				"Ibn Muhājir, founder of law-college in Mosul 15.40.3"		https://usaybia.net/person/1056	founder			FALSE	https://usaybia.net/person/1056	Ibn Muhājir	Ibn Muhājir
https://usaybia.net/person/1093		d. 616/1219–1220		"Ibn al-Munajjim al-Miṣrī, Abū l-Ḥasan ʿAlī ibn Mufarrij, poet (d. 616/1219–1220) 14.32.4"		https://usaybia.net/person/1061	poet			FALSE	https://usaybia.net/person/1061	Ibn al-Munajjim al-Miṣrī	Ibn al-Munajjim al-Miṣrī
https://usaybia.net/person/1093				"ʿUmar ibn Ḥamzah, al-Sharīf, grammarian 15.40.2"		https://usaybia.net/person/2260	grammarian			FALSE	https://usaybia.net/person/2260	ʿUmar ibn Ḥamzah	ʿUmar ibn Ḥamzah
https://usaybia.net/person/1093				"Ibn Bābashādh, Abū l-Ḥasan Ṭāhir b. Aḥmad al-Miṣrī, grammarian 14.25.9 no. 93n; 15.40.3; 15.40.9 no. 14"		https://usaybia.net/person/940	grammarian			FALSE	https://usaybia.net/person/940	Ibn Bābashādh	Ibn Bābashādh
https://usaybia.net/person/1093				"Shihāb al-Dīn Atābekī, governor of Damascus 15.40"		https://usaybia.net/person/2080	governor			FALSE	https://usaybia.net/person/2080	Shihāb al-Dīn Atābekī	Shihāb al-Dīn Atābekī
https://usaybia.net/person/1093				"ʿAbd Allāh ibn Nāʾilī (`or` Ibn al-Tātalī `or` Ibn al-Bābilī), specialist in alchemy and numerology, member of the Almoravid dynasty 15.40.3"		https://usaybia.net/person/24	alchemy|numerology			FALSE	https://usaybia.net/person/24	ʿAbd Allāh ibn Nāʾilī (`or` Ibn al-Tātalī `or` Ibn al-Bābilī)	ʿAbd Allāh ibn Nāʾilī (`or` Ibn al-Tātalī `or` Ibn al-Bābilī)
https://usaybia.net/person/1093		d. 374/984–985		"Ibn Nubātah al-Khaṭīb, orator and preacher, author of `al-Khuṭab al-nubātiyyah` (d. 374/984–985) 15.40.9 no. 15"		https://usaybia.net/person/1077	orator|preacher|author			FALSE	https://usaybia.net/person/1077	Ibn Nubātah al-Khaṭīb	Ibn Nubātah al-Khaṭīb
https://usaybia.net/person/1093		d. ca. 388/998		"al-Khaṭṭābī, Ḥamd ibn Muḥammad, traditionist (d. ca. 388/998) 15.40.3; 15.40.9 no. 1"		https://usaybia.net/person/1394	traditionist			FALSE	https://usaybia.net/person/1394	al-Khaṭṭābī	al-Khaṭṭābī
https://usaybia.net/person/1093		"Proxenus, executor of Nichomachus 4.6.2.1 (Pseudo-)Elias the Neoplatonist, (ca. 6th c.), commentator on Porphyry and Aristotle"		"Proxenus, executor of Nichomachus 4.6.2.1 (Pseudo-)Elias the Neoplatonist, (ca. 6th c.), commentator on Porphyry and Aristotle 11.8.6 no. 15"		https://usaybia.net/person/1849	commentator			FALSE	https://usaybia.net/person/1849	Proxenus	Proxenus
https://usaybia.net/person/1093	Greek	active 100		"Rufus of Ephesus, Greek physician (active 100) 4.1.10.2 (‘the Great’; his works); 4.3.2n; 5.1.26; 5.1.38 (confusion with Galen); 11.8.6 no. 12; 14.25.2"		https://usaybia.net/person/1926	physician			FALSE	https://usaybia.net/person/1926	Rufus of Ephesus	Rufus of Ephesus
https://usaybia.net/person/1093		d. 590/1194		"al-Raḍī al-Qazwīnī (?= Raḍī al-Dīn Abū al-Khayr Aḥmad ibn Ismāʿīl al-Ṭāliqānī) (d. 590/1194), teacher of dialectic and exegesis 15.40.3"		https://usaybia.net/person/1898	teacher			FALSE	https://usaybia.net/person/1898	al-Raḍī al-Qazwīnī (?= Raḍī al-Dīn Abū al-Khayr Aḥmad ibn Ismāʿīl al-Ṭāliqānī) (d. 590/1194)	al-Raḍī al-Qazwīnī (?= Raḍī al-Dīn Abū al-Khayr Aḥmad ibn Ismāʿīl al-Ṭāliqānī) (d. 590/1194)
https://usaybia.net/person/1093		d. 387/997		"Khwārazmshāh Abū l-ʿAbbās Maʾmūn ibn Maʾmūn (`recte` Muḥammad), ruler of Khwārazm (d. 387/997) 11.8.6 no. 10"		https://usaybia.net/person/1404	ruler			FALSE	https://usaybia.net/person/1404		Khwārazmshāh Abū l-ʿAbbās Maʾmūn ibn Maʾmūn (`recte` Muḥammad)
https://usaybia.net/person/1093	Christian	"taught by Cleopatra; death, cf. 5.1.21.2"		"Galen/Jālīnūs, physician to emperors Marcus Aurelius, Commodus, Septimius Severus 1.5n; 1.9; 4.8.1; 5.1; 5.1.2 (Seal of Physicians, rescues medicine from Methodism); 5.1.3–5.1.15 (rejection of John the Grammarian’s chronology); 5.1.3 (education, cf. 5.1.23–5.1.24.1–2); 5.1.4–5.1.5 (not contemporary with Christ); 5.1.5 (uncle of Paul); 5.1.12.3 (Christian continence); 5.1.14 (on Jews and Christians); 5.1.16.1–5 (house at Smyrna); 5.1.17 (under Nero acc. to Ibn Juljul); 5.1.18.1 (gladiatorial surgeon);5.1.19 (deals with charlatan); 5.1.21.1 (taught by Cleopatra; death, cf. 5.1.21.2); 5.1.22 (alleged cause of death); 5.1.30 (no fees); 5.1.31 (appearance); 5.1.32 (name); 5.1.34–5.1.36 (sayings); 5.1.37 (works); 5.1.38–39 (attributed); 6.2 (list of works commented on by John the Grammarian); 6.3.1–4 (works forming the Alexandrian curriculum); 8.29.14n; 9.1; 9.31n; 10.2.4 no. 45; 10.3.14 no. 22; 10.37.2; 10.46.1; 10.57; 10.66.1; 10.66.9 no. 3; 11.5.10; 11.5.23 no. 5; 11.5.25 nos. 17, 72, 92, 11.8.4; 11.8.6 no. 12; 11.12; 11.17; 13.1.3 nos. 10, 11, 12; 13.19.1; 13.24.3(p); 13.38.2; 13.39.1; 13.43; 13.44; 13.51.1; 13.51.4 nos. 4, 5; 13.54; 13.59.4 no. 20; 13.61.3.2(p); 13.61.4 no. 4; 13.66.6 nos. 16, 17, 18, 19, 20, 21, 22, 23; 14.21 no. 2; 14.22.5.1 no. 21; 14.22.1; 14.22.4.1; 14.22.4.3 no. 44; 14.22.4.4; 14.22.4.3 no. 44.4(?); 14.22.4.3 no. 44.30; 14.25.2; 14.25.9 nos. 14, 50, 51; 14.27.1; 14.27.2; 14.32.4(p); 14.39.3(p); 14.43.1; 14.54.6; 14.54.12 (`On Prognosis 6`); 14.55.2(p); 14.56.1; 14.58.2; 15.1 nos. 41, 78; 15.17 no. 1; 15.40.8n; 15.40.9 nos. 88, 101, 112; 15.43.1; 15.50.3; 15.51.1; 15.52.1.1 Treatises (Arabic titles), significant discussion or citation `Abundance` 10.3.14 no. 19 `Acute Diseases` 10.3.14 no. 18Cited in poetry: 5.1.33; 8.30; 13.24.3; 13.61; 14.32; 14.39; 14.55; 15.10; 15.17; 15.45.3; 15.50.6; 15.52.1.2; ＡⅠⅠ.1 `Affected Locations/Parts` 5.1.37 no. 15; 10.3.14. no. 115; 11.5.25 no. 43 `Anatomical Procedures` 5.1.37 no. 21 `Anatomy of the Womb` 10.3.14 no. 20 `Art of Medicine` 14.29.4 no. 2 `Avoiding Distress` 5.1.26; 5.1.37 no. 120 `Bad Mixture` 10.3.14 no. 17 `Birth at Seven Months` 10.3.14 no. 21 `Black Bile` 10.3.14 no. 16 `Blood Vessels` 5.1.37 no. 10 `Bones` 5.1.37 no. 7 `Causes and Symptoms` 5.1.37 no. 14; 10.37.5 no. 22; 11.5.25 no. 142; 14.43.3 no. 2; 15.39 no. 2; 15.43.1 `Character Traits` 5.1.6; 5.1.12.2; 10.16 nos. 1, 2 `Classification of Diseases of Internal Parts` 10.37.5 no. 23 `Commentary on Hippocrates’ Aphorisms` 5.1.37.no. 88; 10.56 no. 2; 10.64.20 no. 6; 11.5.25 no. 163 `Commentary on Hippocrates’ Nature of the Embryo` 5.1.37 no. 101 `Commentary on Hippocrates’ Oath` 1.1; 1.6; 2.1.6.1; 4.1.1; 4.1.2; 4.1.9.2 no. 26; 5.1.36 no. 11; 13.51.2 1.1; `Commentary on Hippocrates’ Prognosis` 10.64.20 no. 7 `Composition of Drugs` (‘by Groups and Varieties’, ‘by Places’) 5.1.37 no. 79; 10.57 no. 2; 14.25.9 nos. 48, 49 `Critical Days/Crises` 10.3.14 no. 110; 10.37.5 no. 27 `Elements` 5.1.37 no. 11; 10.3.14 no. 111; 10.37.5 no. 18; 14.25.9 no. 7 `Examinations by Which the Best Physicians` and `Recognized` 5.1.18.1–3; 5.1.29.1–3; 15.51.3 `Fevers` 10.37.5 no. 25 `Glaucon` 5.1.37 no. 6; 10.37.2; 10.37.5 no. 17; 10.57 no. 3; 13.51.4 no. 4; 14.25.9 nos. 4, 5, 6 `Good and Bad Juices` 5.1.24.1–2 `Great Book of the Pulse` 5.1.37 nos. 16, 66; 11.5.25 no. 141; 10.3.14 no. 80; 10.37.5 no. 24; 14.22.4.3 no. 44.13 `Hippocratic commentaries` 5.1.37 nos. 87–102, 155–157; 10.3.14 no. 29; 14.25.9 no. 26 `Method of Healing` 5.1.37 no. 20; 10.3.14 no. 89; 10.37.5 no. 28; 10.64.20 no. 8; 11.5.25 no. 140; 14.22.4.1; 14.25.9 no. 43; 15.43.1 `Mixtures` 10.37.5 no. 19; 14.25.9 no. 8 `Muscles` 5.1.37 no. 8 `Natural Faculties` 10.37.5 no. 20; 5.1.37 no. 13 `Nutritive Properties` 10.3.14 no. 84 `Opinions of Hippocrates and Plato Own Books` (`Pinax`) 5.1.9; 5.1.10.1–2; 5.1.37 nos. 1, 92; 5.1.40; 11.5.25 no. 92 `Phlebotomy` 10.3.14 no. 28; 14.25.9 no. 46 `Plethora` 14.25.9 no. 45 `Proof` 5.1.37 no. 115 `Purgatives` 10.3.14 no. 114 `Regimen of Health` 10.37.5 no. 29; 14.25.9 no. 44 `Sects` 5.1.37 no. 3; 10.37.5 no. 14; 10.46.4 nos. 17, 18; 10.57 no. 3; 14.25.9 no. 1 `Secret Remedies` 5.1.39 no. 167 `Simple Drugs` 5.1.37 no. 53; 10.1.14 no. 157; 10.3.14 no. 15; 14.25.9 no. 47 `Sixteen Books` 6.3–4; 10.37.5 no. 30; 15.40.3; 14.39.4; 15.51.1 `Small anatomy` 10.37.5 no. 21 `Small Art` 5.1.37 no. 4; 10.37.5 no. 15; 10.57 no. 3; 14.25.9 nos. 2, 55 `Small Pulse` 5.1.37 no. 5; 10.3.14 no. 38; 10.37.5 no. 16; 10.57 no. 3; 14.25.9 no. 3 `Substitute Drugs` 10.64.20. no. 18 `Summaries of Plato’s Books` 5.1.37 no. 124 `Use of the Parts` 5.1.37 no. 49; 10.37.5 no. 41; 11.17 no. 5; 15.40.9 no. 43; 15.57.1"	uncle	https://usaybia.net/person/786	physician|emperor|grammarian|surgeon|poet			FALSE	https://usaybia.net/person/786	#REF!	#REF!
https://usaybia.net/person/1093		d. 597/1201		"al-Kātib al-Iṣfahānī, ʿImād al-Dīn, state secretary of Nūr al-Dīn and Saladin, anthologist (d. 597/1201) 15.13; 15.40"		https://usaybia.net/person/1367	secretary			FALSE	https://usaybia.net/person/1367	al-Kātib al-Iṣfahānī	al-Kātib al-Iṣfahānī
https://usaybia.net/person/1093		`reg.` 388–421/998–1030		"Maḥmūd ibn Sebüktigin, Sultan of Ghaznah (`reg.` 388–421/998–1030) 11.8.3n; 11.8.4"		https://usaybia.net/person/1439				FALSE	https://usaybia.net/person/1439	Maḥmūd ibn Sebüktigin	Maḥmūd ibn Sebüktigin
https://usaybia.net/person/1093		3rd/9th-c.	110	"Abū l-ʿAbbās ibn Wāḍiḥ al-Yaʿqūbī, 3rd/9th-c. polymath 4.1.9.1n; 8.3.15n; 8.3.16n"		https://usaybia.net/person/61	polymath			FALSE	https://usaybia.net/person/61	Abū l-ʿAbbās ibn Wāḍiḥ al-Yaʿqūbī	Abū l-ʿAbbās ibn Wāḍiḥ al-Yaʿqūbī
https://usaybia.net/person/1093		d. 598/1202		"al-Khaṭīb al-Dawlaʿī, preacher and student of law (d. 598/1202) 15.40.3"		https://usaybia.net/person/1393	preacher|student			FALSE	https://usaybia.net/person/1393	al-Khaṭīb al-Dawlaʿī	al-Khaṭīb al-Dawlaʿī
https://usaybia.net/person/1093		d. 613/1217		"al-Kindī al-Naḥwī, Tāj al-Dīn Abū l-Yumn Zayd ibn al-Ḥasan, grammarian and teacher of literary sciences (d. 613/1217) 15.23.1; 15.29; 15.39; 15.40.3; 15.48; 15.50; 15.51.2"		https://usaybia.net/person/1409	grammarian|teacher			FALSE	https://usaybia.net/person/1409	al-Kindī al-Naḥwī	al-Kindī al-Naḥwī
https://usaybia.net/person/1093	Abbasid	`reg.` 170– 193/786–809	375	"Hārūn al-Rashīd, Abbasid caliph (`reg.` 170– 193/786–809) 5.1.16.2; 8.2; 8.3.15n; 8.15.1n; 8.20.4n; 8.26.12n; 8.27.2n; 8.29.2n; 9.12n; 12.1n; 12.2 no. 3n; 12.5; 12.6; 14.1"		https://usaybia.net/person/841	caliph			FALSE	https://usaybia.net/person/841	Hārūn al-Rashīd	Hārūn al-Rashīd
https://usaybia.net/person/1093		1st/7th-c.		"Kaʿb ibn Zuhayr, 1st/7th-c. poet 14.31.8n; 15.40.9 no. 9"		https://usaybia.net/person/1356	poet			FALSE	https://usaybia.net/person/1356	Kaʿb ibn Zuhayr	Kaʿb ibn Zuhayr
https://usaybia.net/person/1093		reg. 588– 593/1192–1197		"Kayqubādh ibn Kaykhusraw ibn Qilij Arslān,  ruler of Erzerum in Anatolia (reg. 588– 593/1192–1197) 15.40.5"		https://usaybia.net/person/1370	ruler			FALSE	https://usaybia.net/person/1370	Kayqubādh ibn Kaykhusraw ibn Qilij Arslān	Kayqubādh ibn Kaykhusraw ibn Qilij Arslān
https://usaybia.net/person/1093		550–608/1155–1211		"Ibn Sanāʾ al-Mulk, al-Qāḍī l-Saʿīd Abū l-Qāsim Hibat Allāh ibn Abī l-Faḍl Jaʿfar ibn al-Muʿtamid, Ayyubid qadi and writer of `muwashshaḥāt` (550–608/1155–1211) 14.33.3; 14.39.3 (poem on Maimonides); 15.40.3"		https://usaybia.net/person/1113	qadi			FALSE	https://usaybia.net/person/1113	Ibn Sanāʾ al-Mulk	Ibn Sanāʾ al-Mulk
https://usaybia.net/person/1093		551–639/1156–1242		"Kamāl al-Dīn ibn Yūnus, Abū ʿImrān (`or` Abū l-Fatḥ) Kamāl al-Dīn Mūsā ibn Yūnus ibn Muḥammad al-Mawṣilī, mathematician and jurist (551–639/1156–1242) 10.83; 15.40.3"		https://usaybia.net/person/1362	mathematician|jurist			FALSE	https://usaybia.net/person/1362	Kamāl al-Dīn ibn Yūnus	Kamāl al-Dīn ibn Yūnus
https://usaybia.net/person/1093				"al-Shāqānī, unidentified Ṣūfī 15.40.3"		https://usaybia.net/person/2063				FALSE	https://usaybia.net/person/2063	al-Shāqānī	al-Shāqānī
https://usaybia.net/person/1093		d. 632/1234– 1235		"Bahāʾ al-Dīn Ibn Shaddād (d. 632/1234– 1235), military judge and biographer of Ṣalāḥ al-Dīn 15.40.3"		https://usaybia.net/person/616	judge			FALSE	https://usaybia.net/person/616	Bahāʾ al-Dīn Ibn Shaddād (d. 632/1234– 1235)	Bahāʾ al-Dīn Ibn Shaddād (d. 632/1234– 1235)
https://usaybia.net/person/1093	Abbasid	`reg.` 256– 279/870–92	74	"al-Muʿtamid ʿalā Allāh, Aḥmad ibn al-Mutawakkil, Abbasid caliph (`reg.` 256– 279/870–92) 8.26.16n; 8.34; 8.32.1n; 10.14.1; 10.14.2.1; 14.5n"		https://usaybia.net/person/1696	caliph			FALSE	https://usaybia.net/person/1696	al-Muʿtamid ʿalā Allāh	al-Muʿtamid ʿalā Allāh
https://usaybia.net/person/1093				"Ibn Rashīq, author of the `K. al-ʿumdah` 15.40.9 no. 31"		https://usaybia.net/person/1091	author			FALSE	https://usaybia.net/person/1091	Ibn Rashīq	Ibn Rashīq
https://usaybia.net/person/1093		513/1121–595/1199		"Ibn Faḍlān (Jamāl al-Dīn Abū l-Qasim Yaḥyā ibn ʿAlī ibn Hibat Allāh al-ʿAllāmah al-Baghdādī) – (513/1121–595/1199), professor of Shāfiʿī law in Baghdad 15.40.2"		https://usaybia.net/person/977				FALSE	https://usaybia.net/person/977	Ibn Faḍlān (Jamāl al-Dīn Abū l-Qasim Yaḥyā ibn ʿAlī ibn Hibat Allāh al-ʿAllāmah al-Baghdādī) – (513/1121–595/1199)	Ibn Faḍlān (Jamāl al-Dīn Abū l-Qasim Yaḥyā ibn ʿAlī ibn Hibat Allāh al-ʿAllāmah al-Baghdādī) – (513/1121–595/1199)
https://usaybia.net/person/1093		d. 558/1163		"ʿAbd al-Muʾmin, Almohad ruler (d. 558/1163) 13.62.1; 13.62.2.1; 13.62.4 no. 2; 13.63.3; 15.40.3"		https://usaybia.net/person/36	ruler			FALSE	https://usaybia.net/person/36	ʿAbd al-Muʾmin	ʿAbd al-Muʾmin
https://usaybia.net/person/1093				"Abū l-Qāsim al-Sharīʿī, unidentified philosopher 15.40.3"		https://usaybia.net/person/2402	philosopher			FALSE	https://usaybia.net/person/2402	Abū l-Qāsim al-Sharīʿī	Abū l-Qāsim al-Sharīʿī
https://usaybia.net/person/1093				"Jamāl al-Dīn ʿAbd al-Laṭīf, notable from Baghdad 15.40.3"		https://usaybia.net/person/1315				FALSE	https://usaybia.net/person/1315	Jamāl al-Dīn ʿAbd al-Laṭīf	Jamāl al-Dīn ʿAbd al-Laṭīf
https://usaybia.net/person/1093				Luʾluʾ (?Luʾluʾ al-ḥājib al-ʿĀdilī) 15.40.3		https://usaybia.net/person/1426				FALSE	https://usaybia.net/person/1426	Luʾluʾ (?Luʾluʾ al-ḥājib al-ʿĀdilī)	Luʾluʾ (?Luʾluʾ al-ḥājib al-ʿĀdilī)
https://usaybia.net/person/1093		d. 442/1050		"al-Thamānīnī, Abū l-Qāsim ʿUmar ibn Thābit, grammarian (d. 442/1050) 15.40.2"		https://usaybia.net/person/2199	grammarian			FALSE	https://usaybia.net/person/2199	al-Thamānīnī	al-Thamānīnī
https://usaybia.net/person/1093		d. ca. 190/800		"Ibn Waḥshiyyah, Abū Bakr Aḥmad (`or` Muḥammad) ibn ʿAlī al-Nabaṭī, alchemist and astronomer, author of `K. al-filāḥah al-al-nabaṭiyyah` (d. ca. 190/800) 1.1; 15.23.5 no. 4; 15.40.3"		https://usaybia.net/person/1161	astronomer|author			FALSE	https://usaybia.net/person/1161	Ibn Waḥshiyyah	Ibn Waḥshiyyah
https://usaybia.net/person/1093				"Ibn al-Shajarī, scholar, teacher of al-Khaṭīb al-Tibrīzī 15.40.2"		https://usaybia.net/person/1117	scholar|teacher			FALSE	https://usaybia.net/person/1117	Ibn al-Shajarī	Ibn al-Shajarī
https://usaybia.net/person/1093				"Sharaf al-Dīn Yūsuf al-Baghdādī, son of Muwaffaq al-Dīn Yūsuf al-Baghdādī 15.40.9 no. 60"		https://usaybia.net/person/2069				FALSE	https://usaybia.net/person/2069	Sharaf al-Dīn Yūsuf al-Baghdādī	Sharaf al-Dīn Yūsuf al-Baghdādī
https://usaybia.net/person/1093			514	"Ibn al-Nadīm, Abū l-Faraj Muḥammad ibn Abī Yaʿqūb Ishāq, known as al-Warrāq al-Baghdādī, author of the `Fihrist` 4.1.5n; 4.1.9.1n; 4.1.10.2n; 4.1.11.1n; 4.1.11.3n; 4.5.2n; 4.5.4n; 4.6.2.3n; 4.6.3.5; 4.6.13.3n; 4.7n; 4.8n; 6.1.2; 7.1.5n; 8.2n; 8.15.1n; 8.16n; 8.26.4; 8.26.16n; 8.26.20n; 8.28n; 8.29.2n; 8.29.5n; 8.29.9 n; 8.29.11n; 8.36n; 8.37n; 8.38n; 10.1.6; 10.1.9; 10.1.12; 10.4.2; 10.22.2; 10.44.2; 11.4; 11.5.9"		https://usaybia.net/person/1073	author			FALSE	https://usaybia.net/person/1073	Ibn al-Nadīm	Ibn al-Nadīm
https://usaybia.net/person/1093		d. 624/1225		"al-Malik ʿAlāʾ al-Dīn Dāwūd ibn Bahrām (also known as Dāwūd Shāh), governor of Erzinjān (d. 624/1225) 15.40.5; 15.40.9 no. 96"		https://usaybia.net/person/1456	governor			FALSE	https://usaybia.net/person/1456	al-Malik ʿAlāʾ al-Dīn Dāwūd ibn Bahrām (also known as Dāwūd Shāh)	al-Malik ʿAlāʾ al-Dīn Dāwūd ibn Bahrām (also known as Dāwūd Shāh)
https://usaybia.net/person/1093		d. 377/987		"Abū ʿAlī al-Ḥasan ibn Aḥmad ibn Abān (Abū ʿAlī al-Fārisī), grammarian (d. 377/987) 15.40.2"		https://usaybia.net/person/97	grammarian			FALSE	https://usaybia.net/person/97	Abū ʿAlī al-Ḥasan ibn Aḥmad ibn Abān (Abū ʿAlī al-Fārisī)	Abū ʿAlī al-Ḥasan ibn Aḥmad ibn Abān (Abū ʿAlī al-Fārisī)
https://usaybia.net/person/1093				"al-Malik al-ʿAzīz Uthmān, Ayyubid ruler of Egypt, son of Saladin 14.37; 14.44.2; 15.22 no. 17; 15.40.3; 15.40.9 no. 23; 15.51.1"		https://usaybia.net/person/1464	ruler			FALSE	https://usaybia.net/person/1464	al-Malik al-ʿAzīz Uthmān	al-Malik al-ʿAzīz Uthmān
https://usaybia.net/person/1093		ca. 317–388		"Themistius, philosopher and courtier (ca. 317–388) 14.25.2; 15.40"		https://usaybia.net/person/2205	philosopher|courtier			FALSE	https://usaybia.net/person/2205	Themistius	Themistius
https://usaybia.net/person/1093		d. 285/898		"al-Mubarrad, Abū l-ʿAbbās Muḥammad ibn Yazīd al-Azdī, philologist, grammarian (d. 285/898) 15.40.2"		https://usaybia.net/person/1588	philologist|grammarian			FALSE	https://usaybia.net/person/1588	al-Mubarrad	al-Mubarrad
https://usaybia.net/person/1093				"al-Qazwīnī, Raḍī, scholar 15.40.3"		https://usaybia.net/person/1876	scholar			FALSE	https://usaybia.net/person/1876	al-Qazwīnī	al-Qazwīnī
https://usaybia.net/person/1093		d. 430/1039		"Ibn al-Haytham, Abū ʿAlī al-Ḥasan ibn al-Ḥasan ibn al-Haytham, mathematician, writer on optics (d. 430/1039) 10.38.4; 12.1n; 14.22; 14.23.1; 14.25.9 nos. 45n, 63; 15.40.9 no. 158"		https://usaybia.net/person/997	mathematician			FALSE	https://usaybia.net/person/997	Ibn al-Haytham	Ibn al-Haytham
https://usaybia.net/person/1093		d. 763/1363	312	"al-Ṣafadī, Khalīl ibn Aybak, historian (d. 763/1363) 7.1.5n; 7.2.3n; 8.4.3n; 8.2.11n; 8.26.11n; 8.26.13n; 8.26.16n; 8.29.8n; 8.30.5n"		https://usaybia.net/person/1949	historian			FALSE	https://usaybia.net/person/1949	al-Ṣafadī	al-Ṣafadī
https://usaybia.net/person/1093	Abbasid	`reg.` 623–640/1226–1242		"al-Mustanṣir bi-Allāh (Abū Jaʿfar al-Mustanṣir al-Manṣūr ibn al-Ẓāhir),  Abbasid caliph (`reg.` 623–640/1226–1242) 8.4.3n; 10.38.3; 5.35; 15.40.7"		https://usaybia.net/person/1689	caliph			FALSE	https://usaybia.net/person/1689	al-Mustanṣir bi-Allāh (Abū Jaʿfar al-Mustanṣir al-Manṣūr ibn al-Ẓāhir)	al-Mustanṣir bi-Allāh (Abū Jaʿfar al-Mustanṣir al-Manṣūr ibn al-Ẓāhir)
https://usaybia.net/person/1093		d. after   395/1005	288	"al-ʿAskarī, Abū Hilāl, philologist (d. after   395/1005) 7.1.6n; 7.5.5n; 8.3.19n; 8.29.22n; 15.40.9 no. 30"		https://usaybia.net/person/582	philologist			FALSE	https://usaybia.net/person/582	al-ʿAskarī	al-ʿAskarī
https://usaybia.net/person/1093		200–291/815–904		"Thaʿlab, Abū l-ʿAbbās Aḥmad ibn Yaḥyā ibn Zayd, grammarian (200–291/815–904) 15.40; 15.40.9 no. 10"		https://usaybia.net/person/2198	grammarian			FALSE	https://usaybia.net/person/2198	Thaʿlab	Thaʿlab
https://usaybia.net/person/1093		d. 533/1139		"Ibn Bājjah, Abū Bakr Muḥammad ibn Yaḥyā ibn al-Ṣāʾigh, Andalusian philosopher and physician (d. 533/1139) 13.51.2; 13.59"		https://usaybia.net/person/943	philosopher|physician			FALSE	https://usaybia.net/person/943	Ibn Bājjah	Ibn Bājjah
https://usaybia.net/person/1093		d. 505/1111		"al-Ghazālī, Abū Ḥāmid Muḥammad al-Ṭūsī (d. 505/1111), philosopher and theologian 11.19.7 no. 3; 13.59.2.3; 13.81.2; 15.40.3"		https://usaybia.net/person/797	philosopher|theologian			FALSE	https://usaybia.net/person/797	al-Ghazālī	al-Ghazālī
https://usaybia.net/person/1093		"Alexander of Aphrodisias, 3rd-c. Aristotelian philosopher 4.1.11.3; 5.1.26 (confused with Alexander of Damascus);"	25	"Alexander of Aphrodisias, 3rd-c. Aristotelian philosopher 4.1.11.3; 5.1.26 (confused with Alexander of Damascus); 4.8; 14.25.2; 14.30; 15.1.5 no. 27; 15.40.3"		https://usaybia.net/person/453	philosopher			FALSE	https://usaybia.net/person/453	Alexander of Aphrodisias	Alexander of Aphrodisias
https://usaybia.net/person/1093				"Yūsuf ibn Aḥmad ibn Ḥasdāy, Abū Jaʿfar, Andalusian physician 13.51; 13.59.4 no. 17"		https://usaybia.net/person/2335	physician			FALSE	https://usaybia.net/person/2335	Yūsuf ibn Aḥmad ibn Ḥasdāy	Yūsuf ibn Aḥmad ibn Ḥasdāy
https://usaybia.net/person/1093		d. 560/1165		"Ibn Hubayrah, ʿIzz al-Dīn, vizier, patronized by Saladin (d. 560/1165) 15.40.3; 10.68.2.3n"		https://usaybia.net/person/1003	vizier|patron			FALSE	https://usaybia.net/person/1003	Ibn Hubayrah	Ibn Hubayrah
https://usaybia.net/person/1093	Fatimid			"Abū ʿAbd Allāh Muḥammad ibn Nūr al-Dawlah Abū Shujāʿ al-Āmirī al-Maʾmūn, Fatimid vizier 13.51.1; 13.51.4 no. 1"		https://usaybia.net/person/83	vizier			FALSE	https://usaybia.net/person/83	Abū ʿAbd Allāh Muḥammad ibn Nūr al-Dawlah Abū Shujāʿ al-Āmirī al-Maʾmūn	Abū ʿAbd Allāh Muḥammad ibn Nūr al-Dawlah Abū Shujāʿ al-Āmirī al-Maʾmūn
https://usaybia.net/person/1093		d. 605/1208		"Ibn ʿUbaydah al-Karkhī, grammarian (d. 605/1208) 15.40.2"		https://usaybia.net/person/1146	grammarian			FALSE	https://usaybia.net/person/1146	Ibn ʿUbaydah al-Karkhī	Ibn ʿUbaydah al-Karkhī
https://usaybia.net/person/1093				"Sibṭ ibn al-Jawzī, historian 15.40.3n"		https://usaybia.net/person/2103	historian			FALSE	https://usaybia.net/person/2103	Sibṭ ibn al-Jawzī	Sibṭ ibn al-Jawzī
https://usaybia.net/person/1093			63	"Abū Ayyūb Muḥammad ibn al-Rashīd, a son of the caliph Hārūn al-Rashīd 8.26.11n"		https://usaybia.net/person/118	caliph			FALSE	https://usaybia.net/person/118	Abū Ayyūb Muḥammad ibn al-Rashīd	Abū Ayyūb Muḥammad ibn al-Rashīd
https://usaybia.net/person/1093				"Abū l-Ḥasan Hibat Allāh ibn Saʿd ibn Hibat Allāh (Rāḍī al-Dawlah Abū Naṣr ibn Hibat Allāh ibn Ṣāʾid), son of Amīn al-Dawlah Ibn al-Tilmīdh, Iraqi physician 15.40"		https://usaybia.net/person/199	physician			FALSE	https://usaybia.net/person/199	Abū l-Ḥasan Hibat Allāh ibn Saʿd ibn Hibat Allāh (Rāḍī al-Dawlah Abū Naṣr ibn Hibat Allāh ibn Ṣāʾid)	Abū l-Ḥasan Hibat Allāh ibn Saʿd ibn Hibat Allāh (Rāḍī al-Dawlah Abū Naṣr ibn Hibat Allāh ibn Ṣāʾid)
https://usaybia.net/person/1093		"Abū ʿUbayd al-Qāsim ibn Sallām al-Baghdādī, 8th-c. grammarian and Qurʾanic scholar"		"Abū ʿUbayd al-Qāsim ibn Sallām al-Baghdādī, 8th-c. grammarian and Qurʾanic scholar 7.5.5; 15.40.3; 15.40.9 no.1"		https://usaybia.net/person/373	grammarian|Qurʾanic scholar			FALSE	https://usaybia.net/person/373	Abū ʿUbayd al-Qāsim ibn Sallām al-Baghdādī	Abū ʿUbayd al-Qāsim ibn Sallām al-Baghdādī
https://usaybia.net/person/1093		d. 567/1172		"Ibn al-Khashshāb, Abū Muḥammad (or Abū Aḥmad) ʿAbd Allāh ibn Aḥmad Ibn al-Khashshāb al-Baghdādī, grammarian (d. 567/1172) 11.21; 15.40.2; 15.40.9 no. 26; 10.78; 10.81.4"		https://usaybia.net/person/1031	grammarian			FALSE	https://usaybia.net/person/1031	Ibn al-Khashshāb	Ibn al-Khashshāb
https://usaybia.net/person/1093			375			https://usaybia.net/person/2380				FALSE	https://usaybia.net/person/2380	Abū l-Faraj ʿAlī ibn al-Ḥusayn ibn Muḥammad al-Iṣfahānī (`or` al-Iṣbahānī)	Abū l-Faraj ʿAlī ibn al-Ḥusayn ibn Muḥammad al-Iṣfahānī (`or` al-Iṣbahānī)
https://usaybia.net/person/1093		d. 502/1108–1109		"al-Tibrīzī, Abū Zakariyyā Yaḥyā ibn ʿAlī, called al-Khaṭīb al-Tibrīzī, philologist (d. 502/1108–1109) 15.40.2; 15.46.2"		https://usaybia.net/person/2228	philologist			FALSE	https://usaybia.net/person/2228	al-Tibrīzī	al-Tibrīzī
https://usaybia.net/person/1093		d. 574/1178		"Shuhdah bint Aḥmad ibn al-Faraj ibn ʿAmr al-Ibarī, grammarian (d. 574/1178) 15.40.2"		https://usaybia.net/person/2097	grammarian			FALSE	https://usaybia.net/person/2097	Shuhdah bint Aḥmad ibn al-Faraj ibn ʿAmr al-Ibarī	Shuhdah bint Aḥmad ibn al-Faraj ibn ʿAmr al-Ibarī
https://usaybia.net/person/1093			19	"Muḥammad ibn Aḥmad al-Tamīmī al-Maqdisī, author of `Māddat al-baqāʾ` 4.5.1n; 15.40.9 no. 35"		https://usaybia.net/person/1613	author			FALSE	https://usaybia.net/person/1613	Muḥammad ibn Aḥmad al-Tamīmī al-Maqdisī	Muḥammad ibn Aḥmad al-Tamīmī al-Maqdisī
https://usaybia.net/person/1093		d. between 177/793 and 180/796–797	96	"Sībawayh, Abū Bishr ʿAmr ibn ʿUthmān, grammarian (d. between 177/793 and 180/796–797) 8.29.8; 15.40.2"		https://usaybia.net/person/2102	grammarian			FALSE	https://usaybia.net/person/2102	Sībawayh	Sībawayh
https://usaybia.net/person/1093				"Ibn al-Sarrāj, author of `K. al-Uṣūl` 15.40.2"		https://usaybia.net/person/1114	author			FALSE	https://usaybia.net/person/1114	Ibn al-Sarrāj	Ibn al-Sarrāj
https://usaybia.net/person/1093	Fatimid	d. 524/1130	6	"al-Āmir bi-Aḥkām Allāh (Abū ʿAlī al-Manṣūr ibn Abī l-Qāsim Aḥmad al-Mustaʿlī biAllāh ibn al-Mustanṣir), tenth Fatimid caliph (d. 524/1130) 13.52.1; 13.58.2.2; 14.31.2; 14.31.4n; 14.31.6"		https://usaybia.net/person/499	caliph			FALSE	https://usaybia.net/person/499	al-Āmir bi-Aḥkām Allāh (Abū ʿAlī al-Manṣūr ibn Abī l-Qāsim Aḥmad al-Mustaʿlī biAllāh ibn al-Mustanṣir)	al-Āmir bi-Aḥkām Allāh (Abū ʿAlī al-Manṣūr ibn Abī l-Qāsim Aḥmad al-Mustaʿlī biAllāh ibn al-Mustanṣir)
https://usaybia.net/person/1093	Sunnī mystic	490/1097–563/1168		"Abū l-Najīb, probably Ḍiyāʾ al-Dīn Abū l-Najīb al-Suhrawardī ʿAbd al-Qāhir ibn ʿAbd Allāh ibn al-Bakrī, Sunnī mystic (490/1097–563/1168) 15.40.3"		https://usaybia.net/person/295				FALSE	https://usaybia.net/person/295	Abū l-Najīb	Abū l-Najīb
https://usaybia.net/person/1093			11	"Ibn Samajūn, Abū Bakr Ḥāmid, author of a `K. al-`acshuag `al-`kqenacag 13.52; 15.40.9 no. 80"		https://usaybia.net/person/1111	author			FALSE	https://usaybia.net/person/1111	Ibn Samajūn	Ibn Samajūn
https://usaybia.net/person/1093		467–538/1075– 1144		"al-Zamakhsharī, Abū l-Qāsim Maḥmūd ibn ʿUmar, grammarian (467–538/1075– 1144) 7.5.6n; 11.19.7 no. 8; 15.40.9 no. 12"		https://usaybia.net/person/2356	grammarian			FALSE	https://usaybia.net/person/2356	al-Zamakhsharī	al-Zamakhsharī
https://usaybia.net/person/1093			63	"al-Ṭayfūrī, father-in-law of the physician Yūḥannā ibn Māsawayh 8.26.8"		https://usaybia.net/person/2191	physician			FALSE	https://usaybia.net/person/2191	al-Ṭayfūrī	al-Ṭayfūrī
https://usaybia.net/person/1093		532– 612/1137–1215		"Wajīh al-Dīn al-Wāsiṭī, Abū Bakr al-Mubārak ibn Abī Ṭālib al-Mubārak ibn Abī l-Azhar Saʿīd Ibn al-Dahhān al-Ḍarīr, grammarian, teacher of ʿAbd al-Laṭīf al-Baghdādī (532– 612/1137–1215) 15.40.2"		https://usaybia.net/person/2283	grammarian|teacher			FALSE	https://usaybia.net/person/2283	Wajīh al-Dīn al-Wāsiṭī	Wajīh al-Dīn al-Wāsiṭī
https://usaybia.net/person/1093	Christian	d. 257/870	300	"Bukhtīshūʿ ibn Jibrīl, member of family of Christian physicians (d. 257/870) 8.3.6; 8.3.22; 8.4; 8.5.2n; 8.8.6n; 8.12.2n; 8.26.8; 8.29.10n; 8.29.13; 8.29.16; 9.30n; 9.49"		https://usaybia.net/person/656	physician			FALSE	https://usaybia.net/person/656	Bukhtīshūʿ ibn Jibrīl	Bukhtīshūʿ ibn Jibrīl
https://usaybia.net/person/1093				"al-Muʿtamid, governor of Damascus 15.40.3"		https://usaybia.net/person/1695	governor			FALSE	https://usaybia.net/person/1695	al-Muʿtamid	al-Muʿtamid
https://usaybia.net/person/1093		d. 282–283/896		"Abū Ḥanīfah al-Dīnawarī (d. 282–283/896), author of `K. al-Nabāt` 13.64.1; 15.40.9 no. 34; 15.50.5"		https://usaybia.net/person/188	author			FALSE	https://usaybia.net/person/188	Abū Ḥanīfah al-Dīnawarī (d. 282–283/896)	Abū Ḥanīfah al-Dīnawarī (d. 282–283/896)
https://usaybia.net/person/1093			63	"Dāniyal, brother-in-law of the physician Yūḥannā ibn Māsawayh 8.26.8"	brother	https://usaybia.net/person/694	physician			FALSE	https://usaybia.net/person/694	Dāniyal	Dāniyal
https://usaybia.net/person/1093		d. 460/1068	46	"Ibn Wāfid, ʿAbd al-Raḥīm ibn Muḥammad ibn ʿAbd al-Karīm, author of a `K. al-` acshuag `al-`kqenacag (d. 460/1068) 13.29.2; 13.37; 13.39; 13.59.4 no. 20; 15.40.9 no. 79"		https://usaybia.net/person/1162	author			FALSE	https://usaybia.net/person/1162	Ibn Wāfid	Ibn Wāfid
https://usaybia.net/person/1093			66	"al-Bukhārī, Muḥammad, compiler of one of the canonical collections of Hadith (`al- Ṣaḥīḥ`) 8.13.4n; 8.26.8n"		https://usaybia.net/person/655				FALSE	https://usaybia.net/person/655	al-Bukhārī	al-Bukhārī
https://usaybia.net/person/1093			13	Zarathustra (Zarādusht) 1.5; 4.3.4.1		https://usaybia.net/person/2360				FALSE	https://usaybia.net/person/2360	Zarathustra (Zarādusht)	Zarathustra (Zarādusht)
https://usaybia.net/person/1093			63	"Qarāṭīs, head wife or concubine of the physician Yūḥannā ibn Māsawayh 8.26.8"		https://usaybia.net/person/1867	head|concubine|physician			FALSE	https://usaybia.net/person/1867	Qarāṭīs	Qarāṭīs
https://usaybia.net/person/1093		d. 310/922		"al-Zajjāj, Abū Isḥāq Ibrāhīm ibn Muḥammad al-Sarī, grammarian (d. 310/922) 15.40.2"		https://usaybia.net/person/2354	grammarian			FALSE	https://usaybia.net/person/2354	al-Zajjāj	al-Zajjāj
https://usaybia.net/person/1093		d. 235/850		"Isḥāq ibn Ibrāhīm al-Mawṣilī, musician (d. 235/850) 15.40n"		https://usaybia.net/person/1260	musician			FALSE	https://usaybia.net/person/1260	Isḥāq ibn Ibrāhīm al-Mawṣilī	Isḥāq ibn Ibrāhīm al-Mawṣilī
https://usaybia.net/person/1093		`reg.` 341–364/953–75		"al-Muʿizz li-Dīn Allāh, Maʿadd, fourth Fāṭimid caliph (`reg.` 341–364/953–75) 14.14.3; 14.9; 14.15n; 14.22.3.1n"		https://usaybia.net/person/1653	caliph			FALSE	https://usaybia.net/person/1653	al-Muʿizz li-Dīn Allāh	al-Muʿizz li-Dīn Allāh
https://usaybia.net/person/1093				"Abū l-Qāsim Yaḥyā ibn Thābit al-Wakīl, teacher of ʿAbd al-Laṭīf al-Baghdādī 15.40.1"		https://usaybia.net/person/328	teacher			FALSE	https://usaybia.net/person/328	Abū l-Qāsim Yaḥyā ibn Thābit al-Wakīl	Abū l-Qāsim Yaḥyā ibn Thābit al-Wakīl
https://usaybia.net/person/1093		d. 483/1046–1047		"Abū Naṣr Muḥammad ibn Aḥmad ibn Jahīr, Kāfī al-Kufāh (d. 483/1046–1047) 10.40; 15.40.3"		https://usaybia.net/person/302				FALSE	https://usaybia.net/person/302	Abū Naṣr Muḥammad ibn Aḥmad ibn Jahīr	Abū Naṣr Muḥammad ibn Aḥmad ibn Jahīr
https://usaybia.net/person/1093		b. 528/1133		"Abū l-Faḍl Sulaymān ibn Muḥammad ibn ʿAlī al-Mawṣilī al-Ṣūfī, probably ʿAbd al-Laṭīf al-Baghdādī’s paternal uncle Sulaymān (b. 528/1133) 15.40.1"		https://usaybia.net/person/159				FALSE	https://usaybia.net/person/159	Abū l-Faḍl Sulaymān ibn Muḥammad ibn ʿAlī al-Mawṣilī al-Ṣūfī	Abū l-Faḍl Sulaymān ibn Muḥammad ibn ʿAlī al-Mawṣilī al-Ṣūfī
https://usaybia.net/person/1093	Jewish			"Ibn Abī l-Bayān, al-Shaykh al-Sadīd ibn Abī-l-Bayān (i.e. Sadīd al-Dīn Abū l-Faḍl Dāwūd ibn Abī l-Bayān Sulaymān ibn Abī l-Faraj Isrāʾīl ibn Abī l-Ṭayyib Sulaymān ibn Mubārak), Jewish physician from Egypt 14.15n; 14.32.1; 14.43"		https://usaybia.net/person/917	physician			FALSE	https://usaybia.net/person/917	Ibn Abī l-Bayān	Ibn Abī l-Bayān
https://usaybia.net/person/1093		481/1088–566/1170		"Abū Zurʿah Ṭāhir ibn Muḥammad ibn Ṭāhir al-Maqdisī al-Hamadhānī, scholar of Hadith (481/1088–566/1170) 15.40.1"		https://usaybia.net/person/394	scholar			FALSE	https://usaybia.net/person/394	Abū Zurʿah Ṭāhir ibn Muḥammad ibn Ṭāhir al-Maqdisī al-Hamadhānī	Abū Zurʿah Ṭāhir ibn Muḥammad ibn Ṭāhir al-Maqdisī al-Hamadhānī
https://usaybia.net/person/1093	Jewish	527–606/1135–1208		"Mūsā ibn Maymūn, Moses Maimonides, Abū ʿImrān al-Qurṭubī (527–606/1135–1208) Jewish theologian, philosopher and physician 14.38.1n; 14.39; 14.40.1n; 15.40.3; 15.51.1"		https://usaybia.net/person/1678	theologian|philosopher|physician			FALSE	https://usaybia.net/person/1678	Mūsā ibn Maymūn	Mūsā ibn Maymūn
https://usaybia.net/person/1093		d. 43/ 664	6	"ʿAmr ibn al-ʿĀṣ, conqueror of Egypt (d. 43/ 664) 6.1.2; 14.14.7; 14.15n; 14.48.2n"		https://usaybia.net/person/507	conqueror			FALSE	https://usaybia.net/person/507	ʿAmr ibn al-ʿĀṣ	ʿAmr ibn al-ʿĀṣ
https://usaybia.net/person/1093				"Abū l-ʿIzz al-Mawṣilī, scholar of Qurʾanic sciences, probably Yūsuf, father of ʿAbd al-Laṭīf al-Baghdādī 15.40.1"		https://usaybia.net/person/238	scholar			FALSE	https://usaybia.net/person/238		Abū l-ʿIzz al-Mawṣilī
https://usaybia.net/person/1093		477/1084–564/1169		"Ibn al-Baṭṭī, Abū l-Fatḥ Muḥammad ibn ʿAbd al-Bāqī ibn Muḥammad ibn Sulaymān al-Baghdādī, Hadith scholar, chief traditionist of Iraq (`musnid al-ʿIrāq`) (477/1084–564/1169) 15.40.1"		https://usaybia.net/person/953	scholar|chief|traditionist			FALSE	https://usaybia.net/person/953	Ibn al-Baṭṭī	Ibn al-Baṭṭī
https://usaybia.net/person/1093				Abū l-Fatḥ al-Nīsābūrī 10.38.4		https://usaybia.net/person/171				FALSE	https://usaybia.net/person/171	Abū l-Fatḥ al-Nīsābūrī	
https://usaybia.net/person/1093	Christian			"Abū ʿAlī ibn al-Samḥ, Christian Aristotelian 10.38.4"		https://usaybia.net/person/103				FALSE	https://usaybia.net/person/103	Abū ʿAlī ibn al-Samḥ	Abū ʿAlī ibn al-Samḥ
https://usaybia.net/person/1093		d. 450/1058		"al-Māwardī, Abū l-Ḥasan ʿAlī ibn Muḥammad ibn Ḥabīb, Shāfiʿite jurist (d. 450/1058) 10.38.4"		https://usaybia.net/person/1546	jurist			FALSE	https://usaybia.net/person/1546	al-Māwardī	al-Māwardī
https://usaybia.net/person/1093		d. 420/1029		"ʿAlī ibn ʿĪsā al-Rabaʿī, Abū al-Ḥasan al-Naḥwī (the Grammarian) (d. 420/1029) 10.38.4"		https://usaybia.net/person/474	Grammarian			FALSE	https://usaybia.net/person/474	ʿAlī ibn ʿĪsā al-Rabaʿī	ʿAlī ibn ʿĪsā al-Rabaʿī
https://usaybia.net/person/1093				Abū l-Ḥasan al-Ṣābiʾī (?) 10.38.4		https://usaybia.net/person/209				FALSE	https://usaybia.net/person/209	Abū l-Ḥasan al-Ṣābiʾī (?)	Abū l-Ḥasan al-Ṣābiʾī (?)
https://usaybia.net/person/1093		557–629/1162–1231		"ʿAbd al-Laṭīf ibn Yūsuf al-Baghdādī, philosopher and physician, also known as Ibn al-Labbād (557–629/1162–1231) 10.64.3; 10.66.4; 11.21; 14.22.5.2 no. 68n; 14.33.3n.; 15.18.1.1n; 15.31.6 no. 16; 15.37.1; 15.40; 15.45.1; 15.51.1.2"		https://usaybia.net/person/32	philosopher|physician			FALSE	https://usaybia.net/person/32	ʿAbd al-Laṭīf ibn Yūsuf al-Baghdādī	ʿAbd al-Laṭīf ibn Yūsuf al-Baghdādī
https://usaybia.net/person/1093		d. 436/1044		"al-Ajall al-Murtaḍā,? = al-Sharīf al-Murtaḍā (d. 436/1044) 10.13.4; 10.38.4"		https://usaybia.net/person/441				FALSE	https://usaybia.net/person/441	al-Ajall al-Murtaḍā	al-Ajall al-Murtaḍā
https://usaybia.net/person/1093	Abbasid|client			"Aḥmad ibn Abī Yaʿqūb, Abbasid client 14.14.3"		https://usaybia.net/person/423				FALSE	https://usaybia.net/person/423	Aḥmad ibn Abī Yaʿqūb	
https://usaybia.net/person/1093				Abū l-ʿAlāʾ ibn Nazīk 10.38.4		https://usaybia.net/person/91				FALSE	https://usaybia.net/person/91	Abū l-ʿAlāʾ ibn Nazīk	Abū l-ʿAlāʾ ibn Nazīk
https://usaybia.net/person/1093				"Saʿīd, grandfather of al-Tamīmī 14.14.3"		https://usaybia.net/person/1959				FALSE	https://usaybia.net/person/1959	Saʿīd	Saʿīd
https://usaybia.net/person/1093				Ṣāʿid ibn Bishr ibn ʿAbdūs 10.13; 10.23.2; 10.38.4		https://usaybia.net/person/1964				FALSE	https://usaybia.net/person/1964	Ṣāʿid ibn Bishr ibn ʿAbdūs	Ṣāʿid ibn Bishr ibn ʿAbdūs
https://usaybia.net/person/1093	Muʿtazilite			"Abū l-Ḥasan al-Baṣrī (? = Abū l-Ḥusayn al-Baṣrī, Muʿtazilite theologian) 10.37.4; 10.38.4"		https://usaybia.net/person/198	theologian			FALSE	https://usaybia.net/person/198	Abū l-Ḥasan al-Baṣrī (? = Abū l-Ḥusayn al-Baṣrī	Abū l-Ḥasan al-Baṣrī (? = Abū l-Ḥusayn al-Baṣrī
https://usaybia.net/person/1093		d. 596/1200		"al-Qāḍī al-Fāḍil ʿAbd al-Raḥīm ibn ʿAlī, `kātib` to Saladin (d. 596/1200) 14.33.3; 14.39.4 no. 4n; 15.18.1; 15.23.2.1; 15.24; 15.25; 15.40.3"		https://usaybia.net/person/1860				FALSE	https://usaybia.net/person/1860	al-Qāḍī al-Fāḍil ʿAbd al-Raḥīm ibn ʿAlī	al-Qāḍī al-Fāḍil ʿAbd al-Raḥīm ibn ʿAlī
https://usaybia.net/person/1093				"Abū ʿAlī ibn Mawṣilāyā, secretary of Abū l-Qāsim al-Maghribī 10.13.3; 10.38.4"		https://usaybia.net/person/102	secretary			FALSE	https://usaybia.net/person/102	Abū ʿAlī ibn Mawṣilāyā	Abū ʿAlī ibn Mawṣilāyā
https://usaybia.net/person/1093		532–589/1138–1193		"Ṣalāḥ al-Dīn/Saladin, Yūsuf ibn Ayyūb, al-Malik al-Nāṣir, Ayyubid monarch (532–589/1138–1193) 10.63.2; 13.79n; 14.31.6; 14.32.1; 14.32.5n; 14.32.5 no. 8n; 14.33.1; 14.33.3; 14.34.2n; 14.36.1; 14.36.2n; 14.37n; 14.38.1; 14.39.1; 14.39.4 no. 3; 14.40.1n; 14.43.2n; 14.44.2n; 14.47.2n; 14.49.2–4; 14.50; 14.54.15; 14.55.2n; 15.11.1; 15.11.2; 15.11.3 nos. 7, 11; 15.13; 15.14; 15.16; 15.18.1; 15.23.1; 15.23.1.1; 15.23.1.2; 15.23.2; 15.23.2.2; 15.24; 15.25; 15.26; 15.27; 15.28; 15.36; 15.40; 15.48; 15.51"		https://usaybia.net/person/1981				FALSE	https://usaybia.net/person/1981	Ṣalāḥ al-Dīn/Saladin	Ṣalāḥ al-Dīn/Saladin
https://usaybia.net/person/1093		d. 450/1058		"Abū l-Ṭayyib al-Ṭabarī, Shāfiʿite jurist (d. 450/1058) 10.38.4"		https://usaybia.net/person/367	jurist			FALSE	https://usaybia.net/person/367	Abū l-Ṭayyib al-Ṭabarī	Abū l-Ṭayyib al-Ṭabarī
https://usaybia.net/person/1093		d. 428/1036–1037		"Mihyār al-Daylamī, poet (d. 428/1036–1037) 10.38.4"		https://usaybia.net/person/1565	poet			FALSE	https://usaybia.net/person/1565	Mihyār al-Daylamī	Mihyār al-Daylamī
https://usaybia.net/person/1093		d. 428/1037		"Abū l-Ḥasan al-Qudūrī, Ḥanafī jurist (d. 428/1037) 10.38.4"		https://usaybia.net/person/208	jurist			FALSE	https://usaybia.net/person/208		Abū l-Ḥasan al-Qudūrī
https://usaybia.net/person/1093		d. 247/861	177	"al-Fatḥ ibn Khāqān, held various posts under al-Muʿtaṣim, al-Wāthiq, al-Mutawakkil (d. 247/861) 7.1.5n; 8.4.7; 8.4.8n; 8.26.9; 8.26.12"		https://usaybia.net/person/772				FALSE	https://usaybia.net/person/772	al-Fatḥ ibn Khāqān	al-Fatḥ ibn Khāqān
https://usaybia.net/person/1093				Abū Saʿīd al-Yamāmī 10.34; 10.38.4; 11.13.8 no. 23		https://usaybia.net/person/342				FALSE	https://usaybia.net/person/342	Abū Saʿīd al-Yamāmī	Abū Saʿīd al-Yamāmī
https://usaybia.net/person/1093		d. 393/1002 `or` 398/1007	69	"al-Jawharī, Abū Naṣr Ismāʿīl ibn Ḥammād (d. 393/1002 `or` 398/1007), 10th-c. lexicographer 7.1.1; 7.2.4n; 14.32.2; 15.50.5"		https://usaybia.net/person/1332	lexicographer			FALSE	https://usaybia.net/person/1332	al-Jawharī	al-Jawharī
https://usaybia.net/person/1093		217/832	62	"Ṣāliḥ ibn Shaykh ibn ʿAmīrah ibn Ḥayyān ibn Surāqah al-Asadī, patient of Ibn Māsawayh (217/832) 8.26.13"		https://usaybia.net/person/1986				FALSE	https://usaybia.net/person/1986	Ṣāliḥ ibn Shaykh ibn ʿAmīrah ibn Ḥayyān ibn Surāqah al-Asadī	Ṣāliḥ ibn Shaykh ibn ʿAmīrah ibn Ḥayyān ibn Surāqah al-Asadī
https://usaybia.net/person/1093			62	"ʿAmīrah ibn Ḥayyān ibn Surāqah al-Asadī, grandfather of Ṣāliḥ ibn Shaykh ibn ʿAmīrah 8.26.13"		https://usaybia.net/person/2406				FALSE	https://usaybia.net/person/2406	ʿAmīrah ibn Ḥayyān ibn Surāqah al-Asadī	ʿAmīrah ibn Ḥayyān ibn Surāqah al-Asadī
https://usaybia.net/person/1093		d. 135/752	62	"Khālid ibn Ṣafwān ibn al-Ahtam al-Tamīmī, transmitter, noted for his eloquence (d. 135/752) 8.26.13"		https://usaybia.net/person/1381	transmitter			FALSE	https://usaybia.net/person/1381	Khālid ibn Ṣafwān ibn al-Ahtam al-Tamīmī	Khālid ibn Ṣafwān ibn al-Ahtam al-Tamīmī
https://usaybia.net/person/1093				"Ibn al-ʿAynzarbī, Muwaffaq al-Dīn Abū Naṣr ʿAdnān ibn Manṣūr, Egyptian physician 14.28n; 14.29; 14.30; 14.31.6; 14.32.1"		https://usaybia.net/person/939	physician			FALSE	https://usaybia.net/person/939	Ibn al-ʿAynzarbī	Ibn al-ʿAynzarbī
https://usaybia.net/person/1093			306	"Ibrāhīm ibn al-Mahdī, Abū Isḥāq, brother of Hārūn al-Rashīd and briefly caliph in 202–203/817–818 5.1.16; 8.3.5; 8.3.6n; 8.3.11; 8.3.12; 8.3.14; 8.3.17; 8.3.18; 8.3.19; 8.4.5; 8.8.3; 8.8.4; 8.8.5; 8.8.6; 8.9; 8.13.2; 8.20.4; 8.20.5; 8.26.8n; 8.27.2; 8.27.3"		https://usaybia.net/person/1199	caliph			FALSE	https://usaybia.net/person/1199	Ibrāhīm ibn al-Mahdī	Ibrāhīm ibn al-Mahdī
https://usaybia.net/person/1093	Abbasid	`reg.` 232–247/847–61	431	"al-Mutawakkil ʿalā Allāh, Abbasid caliph (`reg.` 232–247/847–61) 8.4.1; 8.4.2; 8.4.3; 8.4.4; 8.4.7; 8.4.8; 8.4.9; 8.12.1; 8.1.2.2; 8.16; 8.20.5; 8.23.1; 8.23.2; 8.26.3; 8.26.4; 8.26.9; 8.26.12; 8.26.15; 8.26.16; 8.26.18; 8.29.7n; 8.29.9; 8.29.11; 8.29.12; 8.29.13; 8.29.16; 8.29.17; 8.29.18; 8.29.19; 8.29.20; 8.29.22; 9.43n; 9.46n; 9.49n; 10.1.7; 10.4.5; 10.10.1; 10.14.2.1; 10.68.1.4; 11.4; 13.36.2.1"		https://usaybia.net/person/1702	caliph			FALSE	https://usaybia.net/person/1702	al-Mutawakkil ʿalā Allāh	al-Mutawakkil ʿalā Allāh
https://usaybia.net/person/1093	Fatimid			"Ibn Mulsāqah, Muḥammad ibn Saʿīd ibn Hishām al-Ḥajarī, known as Ibn Mulsāqah, copyist in Fatimid Egypt 14.26.1"		https://usaybia.net/person/1057	copyist			FALSE	https://usaybia.net/person/1057	Ibn Mulsāqah	Ibn Mulsāqah
https://usaybia.net/person/1093		"Ibn Ḥamdān, Naṣīr al-Dawlah Abū ʿAlī l-Ḥusayn ibn Abī ʿAlī al-Ḥasan ibn Ḥamdān, 11th-c. commander under al-Mustanṣir"		"Ibn Ḥamdān, Naṣīr al-Dawlah Abū ʿAlī l-Ḥusayn ibn Abī ʿAlī al-Ḥasan ibn Ḥamdān, 11th-c. commander under al-Mustanṣir 14.26.3 no. 2"		https://usaybia.net/person/992	commander	"Ibn Ḥamdān, Naṣīr al-Dawlah Abū ʿAlī l-Ḥusayn ibn Abī ʿAlī al-Ḥasan ibn Ḥamdān"		FALSE	https://usaybia.net/person/992	Ibn Ḥamdān	Ibn Ḥamdān
https://usaybia.net/person/1093	Abbasid	`reg.` 218–227/833–42	469	"al-Muʿtaṣim bi-Allāh, Muḥammad Abū Isḥāq, Abbasid caliph (`reg.` 218–227/833–42) 7.1.5n; 7.8.3n; 8.3.5n; 8.4.2n; 8.4.5n; 8.4.7n; 8.4.10n; 8.11n; 8.12.1n; 8.20.1; 8.20.2; 8.20.3; 8.20.4; 8.20.5; 8.20.6; 8.20.7; 8.20.11; 8.26.4; 8.26.17; 8.27.3; 9.49n; 10.1.3; 10.68.1.4; 11.4"		https://usaybia.net/person/1700	caliph			FALSE	https://usaybia.net/person/1700	al-Muʿtaṣim bi-Allāh	al-Muʿtaṣim bi-Allāh
https://usaybia.net/person/1093			66	"Yazīd ibn Muqbil, a rider in the courier service of Iraq in the time of the caliph al-Maʾmūn 8.26.17"		https://usaybia.net/person/2318	caliph			FALSE	https://usaybia.net/person/2318	Yazīd ibn Muqbil	Yazīd ibn Muqbil
https://usaybia.net/person/1093		d. 335/947	154	"al-Ṣūlī, Abū Bakr Muḥammad ibn Yaḥyā, court companion of caliphs, expert on poetry and chess, author of `K. al-Awrāq` (d. 335/947) 8.3.5; 8.21.10n; 8.26.11n; 8.26.17"		https://usaybia.net/person/2159	caliph|poet|author			FALSE	https://usaybia.net/person/2159	al-Ṣūlī	al-Ṣūlī
https://usaybia.net/person/1093	Abbasid	`reg.` 227–232/842–47	271	"al-Wāthiq bi-Allāh, ninth Abbasid caliph (`reg.` 227–232/842–47) 7.1.5; 8.4.2; 8.4.5n; 8.4.10n; 8.20.5; 8.20.6; 8.21.4n; 8.26.2; 8.26.4; 8.26.17n; 9.46n; 9.49n"		https://usaybia.net/person/2292	caliph			FALSE	https://usaybia.net/person/2292	al-Wāthiq bi-Allāh	al-Wāthiq bi-Allāh
https://usaybia.net/person/1093		d. ca. 231–232/845–6	67	"Muḥammad ibn Sallām al-Jumaḥī, traditionist and author of `Ṭabaqāt al-shuʿarā` (d. ca. 231–232/845–6) 8.7; 8.26.17"		https://usaybia.net/person/1632	traditionist|author			FALSE	https://usaybia.net/person/1632	Muḥammad ibn Sallām al-Jumaḥī	Muḥammad ibn Sallām al-Jumaḥī
https://usaybia.net/person/1093			77	"Abū l-Faḍl Aḥmad ibn Abī Ṭāhir Ṭayfūr, literary man and historian 8.10.2n; 8.26.17n"		https://usaybia.net/person/151	literary man|historian			FALSE	https://usaybia.net/person/151	Abū l-Faḍl Aḥmad ibn Abī Ṭāhir Ṭayfūr	Abū l-Faḍl Aḥmad ibn Abī Ṭāhir Ṭayfūr
https://usaybia.net/person/1093		7th/13th-c.	144	"Ibn al-ʿAdīm, Kamāl al-Dīn ʿUmar ibn Aḥmad, 7th/13th-c. historian 8.26.17n; 8.29.6n"		https://usaybia.net/person/930	hisotrian			FALSE	https://usaybia.net/person/930	Ibn al-ʿAdīm	Ibn al-ʿAdīm
https://usaybia.net/person/1093			66	"al-Ḥusayn ibn Fahm, a source for the historian Aḥmad ibn ʿAlī ibn Thābit al-Khaṭīb al-Baghdādī 8.26.17"		https://usaybia.net/person/903	historian			FALSE	https://usaybia.net/person/903		al-Ḥusayn ibn Fahm
https://usaybia.net/person/1093		d. 463/1071	77	"al-Khaṭīb al-Baghdādī, Aḥmad ibn ʿAlī ibn Thābit (d. 463/1071), author of `Tārīkh Baghdād` 8.26.17; 8.30.5n"		https://usaybia.net/person/1392	author			FALSE	https://usaybia.net/person/1392	al-Khaṭīb al-Baghdādī	al-Khaṭīb al-Baghdādī
https://usaybia.net/person/1093			61	"Samānah, chief steward of the caliph al-Wāthiq 8.26.2"		https://usaybia.net/person/1995	chief|caliph			FALSE	https://usaybia.net/person/1995	Samānah	Samānah
https://usaybia.net/person/1093		d. 264/877– 878	90	"Ibn Ḥamdūn al-Nadīm (Aḥmad ibn Ibrāhīm ibn Ismāʿīl ibn Ḥamdūn), littérateur and companion of caliphs al-Maʾmūn, al-Muʿtaṣim, al-Mutawakkil (d. 264/877– 878) 8.4; 8.26.16"		https://usaybia.net/person/993	caliph			FALSE	https://usaybia.net/person/993	Ibn Ḥamdūn al-Nadīm (Aḥmad ibn Ibrāhīm ibn Ismāʿīl ibn Ḥamdūn)	Ibn Ḥamdūn al-Nadīm (Aḥmad ibn Ibrāhīm ibn Ismāʿīl ibn Ḥamdūn)